{"type":"FeatureCollection","name":"ZBE Barcelona","features":[{"type":"Feature","properties":{"name":"Barcelona","calidad":"reviewed_from_uploaded_boundary_points"},"geometry":{"type":"Polygon","coordinates":[[[2.182969717226856,41.47081392103169],[2.183108307503753,41.47081392103169],[2.183246897780651,41.470675330754794],[2.183385488057548,41.47081392103169],[2.183524078334445,41.470675330754794],[2.183662668611343,41.47081392103169],[2.18380125888824,41.47081392103169],[2.183939849165138,41.47081392103169],[2.184078439442035,41.470675330754794],[2.184217029718933,41.47081392103169],[2.18435561999583,41.470675330754794],[2.184494210272727,41.47081392103169],[2.184632800549624,41.470675330754794],[2.184771390826522,41.470675330754794],[2.18490998110342,41.470675330754794],[2.185048571380317,41.4705367404779],[2.185187161657214,41.4705367404779],[2.185325751934112,41.4705367404779],[2.185464342211009,41.470398150201],[2.185602932487907,41.470398150201],[2.185741522764804,41.470398150201],[2.185880113041701,41.4702595599241],[2.186018703318599,41.4702595599241],[2.186157293595496,41.470398150201],[2.186295883872394,41.470398150201],[2.186434474149291,41.4702595599241],[2.186573064426188,41.470398150201],[2.186711654703086,41.470398150201],[2.186850244979983,41.470398150201],[2.186988835256881,41.4705367404779],[2.187127425533778,41.470398150201],[2.187266015810676,41.470398150201],[2.187404606087573,41.470398150201],[2.18754319636447,41.4702595599241],[2.187681786641368,41.4702595599241],[2.187820376918265,41.4702595599241],[2.187958967195163,41.470120969647205],[2.18809755747206,41.470120969647205],[2.188236147748957,41.470120969647205],[2.188374738025855,41.46998237937031],[2.188513328302752,41.46998237937031],[2.18865191857965,41.46998237937031],[2.188790508856547,41.46984378909341],[2.188929099133444,41.46984378909341],[2.188929099133444,41.469705198816506],[2.189067689410342,41.46956660853961],[2.189067689410342,41.46942801826271],[2.18920627968724,41.469289427985814],[2.18920627968724,41.469150837708916],[2.189344869964137,41.46901224743202],[2.189344869964137,41.46887365715512],[2.189483460241034,41.468735066878224],[2.189483460241034,41.46859647660133],[2.189622050517932,41.46845788632443],[2.189622050517932,41.46831929604753],[2.189622050517932,41.468180705770635],[2.189622050517932,41.46804211549374],[2.189622050517932,41.46790352521684],[2.189622050517932,41.46776493493994],[2.189622050517932,41.467626344663046],[2.189622050517932,41.46748775438615],[2.189622050517932,41.46734916410925],[2.189622050517932,41.467210573832354],[2.189622050517932,41.467071983555456],[2.189760640794829,41.46693339327856],[2.189760640794829,41.46679480300166],[2.189760640794829,41.466656212724764],[2.189760640794829,41.46651762244787],[2.189760640794829,41.46637903217097],[2.189760640794829,41.46624044189407],[2.189760640794829,41.466101851617175],[2.189760640794829,41.46596326134028],[2.189760640794829,41.46582467106338],[2.189760640794829,41.46568608078648],[2.189760640794829,41.465547490509586],[2.189760640794829,41.46540890023269],[2.189760640794829,41.46527030995579],[2.189760640794829,41.465131719678894],[2.189760640794829,41.464993129401996],[2.189760640794829,41.4648545391251],[2.189760640794829,41.4647159488482],[2.189760640794829,41.464577358571304],[2.189760640794829,41.46443876829441],[2.189760640794829,41.46430017801751],[2.189899231071727,41.46416158774061],[2.189899231071727,41.464022997463715],[2.189899231071727,41.46388440718682],[2.189899231071727,41.46374581690992],[2.189899231071727,41.46360722663302],[2.189899231071727,41.463468636356126],[2.189899231071727,41.46333004607923],[2.190037821348624,41.46319145580233],[2.190037821348624,41.463052865525434],[2.190176411625521,41.46291427524854],[2.190176411625521,41.46277568497164],[2.190315001902419,41.46263709469474],[2.190315001902419,41.462498504417844],[2.190453592179316,41.46235991414095],[2.190453592179316,41.46222132386405],[2.190592182456213,41.46208273358715],[2.190592182456213,41.461944143310255],[2.190730772733111,41.46180555303336],[2.190730772733111,41.46166696275646],[2.190869363010008,41.46152837247956],[2.190869363010008,41.461389782202666],[2.191007953286906,41.46125119192577],[2.191007953286906,41.46111260164887],[2.191146543563803,41.460974011371974],[2.191146543563803,41.46083542109508],[2.1912851338407,41.46069683081818],[2.1912851338407,41.46055824054128],[2.191423724117598,41.460419650264384],[2.191562314394496,41.46028105998749],[2.191562314394496,41.46014246971059],[2.191700904671393,41.46000387943369],[2.19183949494829,41.459865289156795],[2.191978085225188,41.459865289156795],[2.191978085225188,41.4597266988799],[2.192116675502085,41.459588108603],[2.192116675502085,41.4594495183261],[2.192255265778983,41.459310928049206],[2.19239385605588,41.45917233777231],[2.192532446332777,41.45917233777231],[2.192671036609675,41.45903374749541],[2.192809626886572,41.45903374749541],[2.192809626886572,41.458895157218514],[2.19294821716347,41.45875656694162],[2.193086807440367,41.45875656694162],[2.193225397717264,41.45861797666472],[2.193363987994162,41.45861797666472],[2.193363987994162,41.45847938638782],[2.193502578271059,41.458340796110924],[2.193502578271059,41.45820220583403],[2.193641168547956,41.45806361555713],[2.193779758824854,41.45792502528023],[2.193918349101752,41.45792502528023],[2.194056939378649,41.45792502528023],[2.194195529655546,41.45778643500333],[2.194334119932444,41.45778643500333],[2.194472710209341,41.45778643500333],[2.194611300486239,41.45764784472643],[2.194749890763136,41.45764784472643],[2.194749890763136,41.45750925444953],[2.194888481040033,41.457370664172636],[2.195027071316931,41.45723207389574],[2.195165661593828,41.45709348361884],[2.195304251870726,41.45709348361884],[2.195442842147623,41.45709348361884],[2.19558143242452,41.456954893341944],[2.195720022701418,41.456954893341944],[2.195720022701418,41.45681630306505],[2.195858612978315,41.45667771278815],[2.195997203255213,41.45667771278815],[2.195997203255213,41.45653912251125],[2.19613579353211,41.456400532234355],[2.196274383809008,41.456400532234355],[2.196412974085905,41.45626194195746],[2.196551564362802,41.45626194195746],[2.196551564362802,41.45612335168056],[2.1966901546397,41.45598476140366],[2.196828744916597,41.45598476140366],[2.196967335193495,41.45598476140366],[2.197105925470392,41.455846171126765],[2.197244515747289,41.455846171126765],[2.197383106024187,41.45570758084987],[2.197521696301084,41.45556899057297],[2.197660286577982,41.45556899057297],[2.197660286577982,41.45543040029607],[2.197798876854879,41.455291810019176],[2.197937467131776,41.45515321974228],[2.198076057408674,41.45515321974228],[2.198214647685572,41.45501462946538],[2.198353237962469,41.45501462946538],[2.198353237962469,41.454876039188484],[2.198491828239366,41.45473744891159],[2.198630418516264,41.45473744891159],[2.198769008793161,41.45459885863469],[2.198907599070059,41.45446026835779],[2.199046189346956,41.45446026835779],[2.199184779623853,41.45446026835779],[2.199323369900751,41.454321678080895],[2.199461960177648,41.454321678080895],[2.199461960177648,41.454183087804],[2.199600550454545,41.4540444975271],[2.199739140731443,41.4540444975271],[2.19987773100834,41.4539059072502],[2.200016321285238,41.4539059072502],[2.200016321285238,41.453767316973305],[2.200154911562135,41.45362872669641],[2.200154911562135,41.45349013641951],[2.200293501839032,41.45335154614261],[2.20043209211593,41.45335154614261],[2.200570682392827,41.45335154614261],[2.200709272669725,41.453212955865716],[2.200847862946622,41.453212955865716],[2.200847862946622,41.45307436558882],[2.200986453223519,41.45293577531192],[2.201125043500417,41.452797185035024],[2.201263633777315,41.45265859475813],[2.201402224054212,41.45265859475813],[2.201402224054212,41.45252000448123],[2.201540814331109,41.45238141420433],[2.201540814331109,41.452242823927435],[2.201679404608007,41.45210423365054],[2.201679404608007,41.45196564337364],[2.201817994884904,41.45182705309674],[2.201817994884904,41.451688462819845],[2.201956585161802,41.45154987254295],[2.202095175438699,41.45154987254295],[2.202233765715596,41.45154987254295],[2.202372355992494,41.45141128226605],[2.202510946269391,41.45141128226605],[2.202649536546289,41.45141128226605],[2.202788126823186,41.45127269198915],[2.202926717100083,41.45127269198915],[2.202926717100083,41.451134101712256],[2.203065307376981,41.45099551143536],[2.203203897653878,41.45099551143536],[2.203203897653878,41.45085692115846],[2.203342487930775,41.450718330881564],[2.203342487930775,41.45057974060467],[2.203481078207673,41.45044115032777],[2.203619668484571,41.45044115032777],[2.203758258761468,41.45030256005087],[2.203896849038365,41.45030256005087],[2.203896849038365,41.450163969773975],[2.204035439315263,41.45002537949708],[2.204035439315263,41.44988678922018],[2.20417402959216,41.44974819894328],[2.204312619869058,41.44974819894328],[2.204451210145955,41.449609608666385],[2.204589800422852,41.449609608666385],[2.20472839069975,41.44947101838949],[2.20472839069975,41.44933242811259],[2.204866980976647,41.44919383783569],[2.205005571253545,41.449055247558796],[2.205144161530442,41.4489166572819],[2.205282751807339,41.4489166572819],[2.205282751807339,41.448778067005],[2.205421342084237,41.448639476728104],[2.205559932361134,41.44850088645121],[2.205698522638032,41.44836229617431],[2.205837112914929,41.44836229617431],[2.205837112914929,41.44822370589741],[2.205975703191827,41.448085115620515],[2.205975703191827,41.44794652534362],[2.206114293468724,41.44780793506672],[2.206252883745621,41.44766934478982],[2.206391474022519,41.447530754512925],[2.206530064299416,41.447530754512925],[2.206530064299416,41.44739216423603],[2.206668654576314,41.44725357395913],[2.206807244853211,41.44725357395913],[2.206945835130108,41.44711498368223],[2.207084425407006,41.446976393405336],[2.207223015683903,41.446976393405336],[2.207223015683903,41.44683780312844],[2.207361605960801,41.44669921285154],[2.207500196237698,41.446560622574644],[2.207500196237698,41.44642203229775],[2.207638786514595,41.44628344202085],[2.207638786514595,41.44614485174395],[2.207777376791493,41.446006261467055],[2.207915967068391,41.446006261467055],[2.208054557345288,41.44586767119016],[2.208193147622185,41.44586767119016],[2.208193147622185,41.44572908091325],[2.208331737899083,41.445590490636356],[2.208331737899083,41.44545190035946],[2.20847032817598,41.44531331008256],[2.208608918452877,41.445174719805664],[2.208747508729775,41.445174719805664],[2.208747508729775,41.445036129528766],[2.208886099006672,41.44489753925187],[2.208886099006672,41.44475894897497],[2.20902468928357,41.444620358698074],[2.20902468928357,41.44448176842118],[2.209163279560467,41.44434317814428],[2.209163279560467,41.44420458786738],[2.209301869837364,41.444065997590485],[2.209440460114262,41.444065997590485],[2.209440460114262,41.44392740731359],[2.209579050391159,41.44378881703669],[2.209717640668057,41.44365022675979],[2.209717640668057,41.443511636482896],[2.209856230944954,41.443373046206],[2.209856230944954,41.4432344559291],[2.209994821221851,41.443095865652204],[2.209994821221851,41.442957275375306],[2.210133411498749,41.44281868509841],[2.210133411498749,41.44268009482151],[2.210272001775647,41.442541504544614],[2.210272001775647,41.44240291426772],[2.210410592052544,41.44226432399082],[2.210410592052544,41.44212573371392],[2.210410592052544,41.441987143437025],[2.210410592052544,41.44184855316013],[2.210549182329441,41.44170996288323],[2.210549182329441,41.44157137260633],[2.210687772606339,41.441432782329436],[2.210687772606339,41.44129419205254],[2.210687772606339,41.44115560177564],[2.210826362883236,41.441017011498744],[2.210826362883236,41.440878421221846],[2.210964953160134,41.44073983094495],[2.210964953160134,41.44060124066805],[2.211103543437031,41.440462650391154],[2.211103543437031,41.44032406011426],[2.211242133713928,41.44018546983736],[2.211242133713928,41.44004687956046],[2.211380723990826,41.439908289283565],[2.211380723990826,41.43976969900667],[2.211519314267723,41.43963110872977],[2.211519314267723,41.43949251845287],[2.211657904544621,41.439353928175976],[2.211657904544621,41.43921533789908],[2.211796494821518,41.43907674762218],[2.211796494821518,41.438938157345284],[2.211935085098415,41.438799567068386],[2.211935085098415,41.43866097679149],[2.212073675375313,41.43852238651459],[2.21221226565221,41.438383796237694],[2.212350855929108,41.4382452059608],[2.212489446206005,41.4382452059608],[2.212628036482903,41.4382452059608],[2.2127666267598,41.4381066156839],[2.212905217036697,41.4381066156839],[2.213043807313595,41.4381066156839],[2.213182397590492,41.437968025407],[2.21332098786739,41.437968025407],[2.213459578144287,41.437968025407],[2.213598168421184,41.437829435130105],[2.213736758698082,41.437829435130105],[2.213875348974979,41.437829435130105],[2.214013939251877,41.43769084485321],[2.214152529528774,41.43769084485321],[2.214291119805671,41.43769084485321],[2.214429710082569,41.43755225457631],[2.214568300359466,41.43755225457631],[2.214706890636364,41.43755225457631],[2.214845480913261,41.43741366429941],[2.214984071190158,41.43741366429941],[2.215122661467056,41.43741366429941],[2.215261251743953,41.437275074022516],[2.215399842020851,41.437275074022516],[2.215538432297748,41.437275074022516],[2.215677022574646,41.43713648374562],[2.215815612851543,41.43713648374562],[2.21595420312844,41.43713648374562],[2.216092793405338,41.43699789346872],[2.216231383682235,41.43699789346872],[2.216369973959133,41.43699789346872],[2.21650856423603,41.436859303191824],[2.216647154512927,41.436859303191824],[2.216647154512927,41.436720712914926],[2.216785744789825,41.43658212263803],[2.216924335066722,41.43644353236113],[2.21706292534362,41.43644353236113],[2.217201515620517,41.436304942084234],[2.217340105897414,41.436304942084234],[2.217478696174312,41.436304942084234],[2.217617286451209,41.43616635180734],[2.217755876728107,41.43616635180734],[2.217894467005004,41.43616635180734],[2.218033057281902,41.43602776153044],[2.218171647558799,41.43602776153044],[2.218310237835696,41.43602776153044],[2.218448828112594,41.43588917125354],[2.218587418389491,41.43588917125354],[2.218726008666389,41.43588917125354],[2.218864598943286,41.435750580976645],[2.219003189220183,41.435750580976645],[2.219141779497081,41.435750580976645],[2.219280369773978,41.43561199069975],[2.219418960050876,41.43561199069975],[2.219557550327773,41.43561199069975],[2.21969614060467,41.43547340042285],[2.219834730881568,41.43547340042285],[2.219973321158466,41.43547340042285],[2.220111911435363,41.43533481014595],[2.22025050171226,41.43533481014595],[2.220389091989158,41.43533481014595],[2.220527682266055,41.435196219869056],[2.220666272542953,41.435196219869056],[2.22080486281985,41.435196219869056],[2.220943453096747,41.43505762959216],[2.221082043373645,41.43505762959216],[2.221220633650542,41.43505762959216],[2.22135922392744,41.43491903931526],[2.221497814204337,41.43491903931526],[2.221636404481234,41.43491903931526],[2.221774994758132,41.434780449038364],[2.221913585035029,41.434780449038364],[2.222052175311926,41.43491903931526],[2.222190765588824,41.43491903931526],[2.222329355865722,41.43491903931526],[2.222467946142619,41.43505762959216],[2.222606536419516,41.43491903931526],[2.222745126696414,41.43491903931526],[2.222883716973311,41.43491903931526],[2.223022307250209,41.434780449038364],[2.223160897527106,41.434780449038364],[2.223299487804003,41.434780449038364],[2.223438078080901,41.434641858761466],[2.223576668357798,41.434641858761466],[2.223715258634696,41.434641858761466],[2.223853848911593,41.43450326848457],[2.22399243918849,41.43450326848457],[2.224131029465388,41.43450326848457],[2.224269619742285,41.43436467820767],[2.224408210019183,41.43436467820767],[2.224408210019183,41.434226087930774],[2.22454680029608,41.43408749765388],[2.22454680029608,41.43394890737698],[2.224685390572978,41.433810317100075],[2.224685390572978,41.43367172682318],[2.224823980849875,41.43353313654628],[2.224823980849875,41.43339454626938],[2.224962571126772,41.433255955992486],[2.224962571126772,41.43311736571559],[2.22510116140367,41.43297877543869],[2.22510116140367,41.432840185161794],[2.225239751680567,41.4327015948849],[2.225239751680567,41.432563004608],[2.225378341957465,41.4324244143311],[2.225378341957465,41.432285824054205],[2.225516932234362,41.43214723377731],[2.225655522511259,41.43214723377731],[2.225794112788157,41.43200864350041],[2.225932703065054,41.43200864350041],[2.226071293341952,41.43200864350041],[2.226209883618849,41.43187005322351],[2.226348473895746,41.43187005322351],[2.226487064172644,41.43187005322351],[2.226625654449542,41.431731462946615],[2.226764244726439,41.431731462946615],[2.226902835003336,41.431731462946615],[2.227041425280234,41.43159287266972],[2.227180015557131,41.43159287266972],[2.227318605834029,41.43159287266972],[2.227457196110926,41.43145428239282],[2.227595786387823,41.43145428239282],[2.227734376664721,41.43145428239282],[2.227872966941618,41.43131569211592],[2.228011557218515,41.43131569211592],[2.228150147495413,41.43131569211592],[2.22828873777231,41.431177101839026],[2.228427328049208,41.431177101839026],[2.228565918326105,41.431177101839026],[2.228704508603002,41.43103851156213],[2.2288430988799,41.43103851156213],[2.228981689156798,41.43103851156213],[2.229120279433695,41.43089992128523],[2.229258869710592,41.43089992128523],[2.22939745998749,41.43089992128523],[2.229536050264387,41.430761331008334],[2.229674640541285,41.430761331008334],[2.229813230818182,41.430761331008334],[2.229951821095079,41.43062274073144],[2.230090411371977,41.43062274073144],[2.230229001648874,41.43062274073144],[2.230367591925772,41.43048415045454],[2.230506182202669,41.43048415045454],[2.230644772479566,41.43048415045454],[2.230783362756464,41.43048415045454],[2.230921953033361,41.43048415045454],[2.231060543310258,41.43048415045454],[2.231199133587156,41.43062274073144],[2.231337723864053,41.43062274073144],[2.231476314140951,41.43062274073144],[2.231614904417848,41.430761331008334],[2.231753494694745,41.430761331008334],[2.231892084971643,41.430761331008334],[2.232030675248541,41.43089992128523],[2.232169265525438,41.43089992128523],[2.232307855802335,41.43089992128523],[2.232446446079233,41.43103851156213],[2.23258503635613,41.43103851156213],[2.232723626633028,41.43103851156213],[2.232862216909925,41.431177101839026],[2.233000807186822,41.431177101839026],[2.23313939746372,41.431177101839026],[2.233277987740617,41.43131569211592],[2.233416578017515,41.43131569211592],[2.233555168294412,41.43131569211592],[2.233693758571309,41.43145428239282],[2.233832348848207,41.43145428239282],[2.233970939125104,41.43145428239282],[2.234109529402002,41.43159287266972],[2.234248119678899,41.43145428239282],[2.234386709955797,41.43145428239282],[2.234525300232694,41.43145428239282],[2.234663890509591,41.43131569211592],[2.234802480786489,41.43131569211592],[2.234941071063386,41.43131569211592],[2.235079661340284,41.431177101839026],[2.235218251617181,41.431177101839026],[2.235356841894078,41.431177101839026],[2.235495432170976,41.43103851156213],[2.235634022447873,41.43103851156213],[2.235772612724771,41.43103851156213],[2.235911203001668,41.43089992128523],[2.236049793278565,41.43089992128523],[2.236049793278565,41.430761331008334],[2.236188383555463,41.43062274073144],[2.236326973832361,41.43062274073144],[2.236465564109258,41.43048415045454],[2.236604154386155,41.43048415045454],[2.236604154386155,41.43034556017764],[2.236742744663053,41.430206969900745],[2.23688133493995,41.43006837962385],[2.237019925216847,41.42992978934695],[2.237158515493745,41.42992978934695],[2.237158515493745,41.42979119907005],[2.237297105770642,41.429652608793155],[2.23743569604754,41.42951401851626],[2.237574286324437,41.42951401851626],[2.237712876601334,41.42937542823936],[2.237851466878232,41.42937542823936],[2.237851466878232,41.42923683796246],[2.237990057155129,41.429098247685566],[2.237990057155129,41.42895965740867],[2.238128647432027,41.42882106713177],[2.238267237708924,41.42882106713177],[2.238405827985821,41.428682476854874],[2.238544418262719,41.428682476854874],[2.238544418262719,41.42854388657798],[2.238683008539617,41.42840529630108],[2.238821598816514,41.42840529630108],[2.238960189093411,41.42826670602418],[2.239098779370309,41.42826670602418],[2.239098779370309,41.428128115747285],[2.239237369647206,41.42798952547039],[2.239237369647206,41.42785093519349],[2.239375959924104,41.42771234491659],[2.239375959924104,41.427573754639695],[2.239514550201001,41.4274351643628],[2.239514550201001,41.4272965740859],[2.239653140477898,41.427157983809],[2.239653140477898,41.427019393532106],[2.239791730754796,41.42688080325521],[2.239791730754796,41.42674221297831],[2.239930321031693,41.426603622701414],[2.239930321031693,41.42646503242452],[2.239930321031693,41.42632644214762],[2.239930321031693,41.42618785187072],[2.239930321031693,41.426049261593825],[2.239930321031693,41.42591067131693],[2.239930321031693,41.42577208104003],[2.239930321031693,41.42563349076313],[2.239930321031693,41.425494900486235],[2.239791730754796,41.42535631020934],[2.239791730754796,41.42521771993244],[2.239653140477898,41.42507912965554],[2.239653140477898,41.424940539378646],[2.239653140477898,41.42480194910175],[2.239653140477898,41.42466335882485],[2.239653140477898,41.424524768547954],[2.239653140477898,41.42438617827106],[2.239653140477898,41.42424758799416],[2.239514550201001,41.42410899771726],[2.239514550201001,41.423970407440365],[2.239375959924104,41.42383181716347],[2.239375959924104,41.42369322688657],[2.239237369647206,41.42355463660967],[2.239237369647206,41.423416046332775],[2.239098779370309,41.42327745605588],[2.239098779370309,41.42313886577898],[2.238960189093411,41.42300027550208],[2.238960189093411,41.422861685225186],[2.238821598816514,41.42272309494829],[2.238683008539617,41.42258450467139],[2.238544418262719,41.422445914394494],[2.238405827985821,41.422445914394494],[2.238267237708924,41.4223073241176],[2.238128647432027,41.4223073241176],[2.237990057155129,41.4223073241176],[2.237851466878232,41.4221687338407],[2.237712876601334,41.4220301435638],[2.237574286324437,41.4218915532869],[2.237574286324437,41.42175296301],[2.23743569604754,41.4216143727331],[2.23743569604754,41.421475782456206],[2.237297105770642,41.42133719217931],[2.237297105770642,41.42119860190241],[2.237158515493745,41.421060011625514],[2.237158515493745,41.420921421348616],[2.237019925216847,41.42078283107172],[2.237019925216847,41.42064424079482],[2.23688133493995,41.420505650517924],[2.23688133493995,41.42036706024103],[2.236742744663053,41.42022846996413],[2.236742744663053,41.42008987968723],[2.236604154386155,41.419951289410335],[2.236604154386155,41.41981269913344],[2.236465564109258,41.41967410885654],[2.236465564109258,41.41953551857964],[2.236465564109258,41.419396928302746],[2.236465564109258,41.41925833802585],[2.236465564109258,41.41911974774895],[2.236465564109258,41.418981157472054],[2.236465564109258,41.418842567195156],[2.236465564109258,41.41870397691826],[2.236465564109258,41.41856538664136],[2.236465564109258,41.418426796364464],[2.236465564109258,41.41828820608757],[2.236465564109258,41.41814961581067],[2.236465564109258,41.41801102553377],[2.236465564109258,41.417872435256875],[2.236465564109258,41.41773384497998],[2.236465564109258,41.41759525470308],[2.236465564109258,41.41745666442618],[2.236326973832361,41.417318074149286],[2.236326973832361,41.41717948387239],[2.236188383555463,41.41704089359549],[2.236188383555463,41.416902303318594],[2.236049793278565,41.416763713041696],[2.236049793278565,41.4166251227648],[2.236049793278565,41.4164865324879],[2.236049793278565,41.416347942211004],[2.236049793278565,41.41620935193411],[2.236049793278565,41.41607076165721],[2.236049793278565,41.41593217138031],[2.236049793278565,41.415793581103415],[2.236049793278565,41.41565499082652],[2.236049793278565,41.41551640054962],[2.236049793278565,41.41537781027272],[2.236049793278565,41.415239219995826],[2.236049793278565,41.41510062971893],[2.236049793278565,41.41496203944203],[2.236049793278565,41.414823449165134],[2.236049793278565,41.414684858888236],[2.235911203001668,41.41454626861134],[2.235911203001668,41.41440767833444],[2.235772612724771,41.414269088057544],[2.235772612724771,41.41413049778065],[2.235634022447873,41.41399190750375],[2.235634022447873,41.41385331722685],[2.235495432170976,41.413714726949955],[2.235495432170976,41.41357613667306],[2.235356841894078,41.41343754639616],[2.235356841894078,41.41329895611926],[2.235218251617181,41.41329895611926],[2.235079661340284,41.413160365842366],[2.235079661340284,41.41302177556547],[2.234941071063386,41.41288318528857],[2.234941071063386,41.412744595011674],[2.234802480786489,41.412744595011674],[2.234663890509591,41.412606004734776],[2.234525300232694,41.412606004734776],[2.234386709955797,41.412606004734776],[2.234248119678899,41.41246741445788],[2.234109529402002,41.41246741445788],[2.233970939125104,41.41246741445788],[2.233832348848207,41.41232882418098],[2.233693758571309,41.41232882418098],[2.233555168294412,41.41232882418098],[2.233416578017515,41.412190233904084],[2.233277987740617,41.41205164362719],[2.23313939746372,41.41191305335029],[2.23313939746372,41.41177446307339],[2.233000807186822,41.411635872796495],[2.233000807186822,41.4114972825196],[2.232862216909925,41.4113586922427],[2.232862216909925,41.4112201019658],[2.232723626633028,41.411081511688906],[2.232723626633028,41.41094292141201],[2.23258503635613,41.41080433113511],[2.23258503635613,41.410665740858214],[2.232446446079233,41.410665740858214],[2.232307855802335,41.410527150581316],[2.232169265525438,41.410527150581316],[2.232030675248541,41.410527150581316],[2.231892084971643,41.41038856030442],[2.231753494694745,41.41038856030442],[2.231614904417848,41.41038856030442],[2.231476314140951,41.41024997002752],[2.231337723864053,41.410111379750624],[2.231337723864053,41.40997278947373],[2.231199133587156,41.40983419919682],[2.231199133587156,41.409695608919925],[2.231060543310258,41.40955701864303],[2.231060543310258,41.40941842836613],[2.230921953033361,41.40927983808923],[2.230921953033361,41.409141247812336],[2.230783362756464,41.40900265753544],[2.230783362756464,41.40886406725854],[2.230644772479566,41.408725476981644],[2.230644772479566,41.40858688670475],[2.230506182202669,41.40844829642785],[2.230506182202669,41.40830970615095],[2.230367591925772,41.408171115874055],[2.230367591925772,41.40803252559716],[2.230229001648874,41.40789393532026],[2.230229001648874,41.40775534504336],[2.230090411371977,41.407616754766465],[2.230090411371977,41.40747816448957],[2.229951821095079,41.40733957421267],[2.229951821095079,41.40720098393577],[2.229813230818182,41.407062393658876],[2.229813230818182,41.40692380338198],[2.229674640541285,41.40678521310508],[2.229674640541285,41.406646622828184],[2.229536050264387,41.40650803255129],[2.229536050264387,41.40636944227439],[2.22939745998749,41.40623085199749],[2.22939745998749,41.406092261720595],[2.22939745998749,41.4059536714437],[2.22939745998749,41.4058150811668],[2.22939745998749,41.4056764908899],[2.22939745998749,41.405537900613005],[2.229258869710592,41.40539931033611],[2.229258869710592,41.40526072005921],[2.229120279433695,41.40512212978231],[2.229120279433695,41.404983539505416],[2.228981689156798,41.40484494922852],[2.228981689156798,41.40470635895162],[2.2288430988799,41.404567768674724],[2.2288430988799,41.40442917839783],[2.228704508603002,41.40429058812093],[2.228704508603002,41.40415199784403],[2.228565918326105,41.40415199784403],[2.228427328049208,41.404013407567135],[2.22828873777231,41.40387481729024],[2.228150147495413,41.40373622701334],[2.228150147495413,41.40359763673644],[2.228011557218515,41.403459046459545],[2.228011557218515,41.40332045618265],[2.227872966941618,41.40332045618265],[2.227734376664721,41.40318186590575],[2.227595786387823,41.40318186590575],[2.227457196110926,41.40318186590575],[2.227318605834029,41.40304327562885],[2.227180015557131,41.40304327562885],[2.227041425280234,41.40304327562885],[2.226902835003336,41.402904685351956],[2.226764244726439,41.402904685351956],[2.226625654449542,41.402904685351956],[2.226487064172644,41.40276609507506],[2.226348473895746,41.40276609507506],[2.226209883618849,41.40276609507506],[2.226071293341952,41.40262750479816],[2.225932703065054,41.40262750479816],[2.225794112788157,41.40262750479816],[2.225655522511259,41.402488914521264],[2.225516932234362,41.402488914521264],[2.225378341957465,41.402488914521264],[2.225239751680567,41.40235032424437],[2.22510116140367,41.40235032424437],[2.224962571126772,41.40235032424437],[2.224823980849875,41.40221173396747],[2.224685390572978,41.40221173396747],[2.22454680029608,41.40207314369057],[2.224408210019183,41.401934553413675],[2.224408210019183,41.40179596313678],[2.224269619742285,41.40179596313678],[2.224131029465388,41.40165737285988],[2.22399243918849,41.40151878258298],[2.223853848911593,41.40151878258298],[2.223715258634696,41.401380192306085],[2.223576668357798,41.401380192306085],[2.223438078080901,41.401380192306085],[2.223299487804003,41.40124160202919],[2.223160897527106,41.40124160202919],[2.223022307250209,41.40124160202919],[2.222883716973311,41.40110301175229],[2.222745126696414,41.40110301175229],[2.222606536419516,41.40110301175229],[2.222467946142619,41.40096442147539],[2.222329355865722,41.40096442147539],[2.222190765588824,41.40096442147539],[2.222052175311926,41.400825831198496],[2.221913585035029,41.400825831198496],[2.221774994758132,41.400825831198496],[2.221636404481234,41.4006872409216],[2.221497814204337,41.4006872409216],[2.22135922392744,41.4006872409216],[2.221220633650542,41.4005486506447],[2.221082043373645,41.4005486506447],[2.220943453096747,41.4005486506447],[2.22080486281985,41.400410060367804],[2.220666272542953,41.400410060367804],[2.220527682266055,41.400410060367804],[2.220389091989158,41.40027147009091],[2.220389091989158,41.40013287981401],[2.22025050171226,41.39999428953711],[2.220111911435363,41.39999428953711],[2.219973321158466,41.399855699260215],[2.219834730881568,41.399855699260215],[2.21969614060467,41.399855699260215],[2.219557550327773,41.39971710898332],[2.219418960050876,41.39971710898332],[2.219280369773978,41.39971710898332],[2.219141779497081,41.39957851870642],[2.219003189220183,41.39957851870642],[2.218864598943286,41.39943992842952],[2.218726008666389,41.399301338152625],[2.218726008666389,41.39916274787573],[2.218587418389491,41.39902415759883],[2.218587418389491,41.39888556732193],[2.218448828112594,41.398746977045036],[2.218448828112594,41.39860838676814],[2.218310237835696,41.39846979649124],[2.218310237835696,41.398331206214344],[2.218171647558799,41.39819261593745],[2.218171647558799,41.39805402566055],[2.218033057281902,41.397915435383645],[2.218033057281902,41.39777684510675],[2.217894467005004,41.39763825482985],[2.217894467005004,41.39749966455295],[2.217755876728107,41.397361074276056],[2.217755876728107,41.39722248399916],[2.217617286451209,41.39708389372226],[2.217617286451209,41.396945303445364],[2.217478696174312,41.396945303445364],[2.217340105897414,41.396806713168466],[2.217201515620517,41.39666812289157],[2.21706292534362,41.39666812289157],[2.216924335066722,41.39652953261467],[2.216785744789825,41.39652953261467],[2.216647154512927,41.39652953261467],[2.21650856423603,41.396390942337774],[2.216369973959133,41.396390942337774],[2.216231383682235,41.396390942337774],[2.216092793405338,41.39625235206088],[2.21595420312844,41.39625235206088],[2.215815612851543,41.39625235206088],[2.215677022574646,41.39611376178398],[2.215538432297748,41.39611376178398],[2.215399842020851,41.39611376178398],[2.215261251743953,41.39597517150708],[2.215261251743953,41.395836581230185],[2.215122661467056,41.39569799095329],[2.215122661467056,41.39555940067639],[2.214984071190158,41.39542081039949],[2.214984071190158,41.395282220122596],[2.214845480913261,41.3951436298457],[2.214845480913261,41.3950050395688],[2.214706890636364,41.394866449291904],[2.214706890636364,41.394727859015006],[2.214568300359466,41.39458926873811],[2.214568300359466,41.39445067846121],[2.214429710082569,41.394312088184314],[2.214429710082569,41.39417349790742],[2.214291119805671,41.39403490763052],[2.214291119805671,41.39389631735362],[2.214152529528774,41.393757727076725],[2.214152529528774,41.39361913679983],[2.214013939251877,41.39348054652293],[2.214013939251877,41.39334195624603],[2.213875348974979,41.39334195624603],[2.213736758698082,41.393203365969136],[2.213598168421184,41.393203365969136],[2.213459578144287,41.39306477569224],[2.213459578144287,41.39292618541534],[2.21332098786739,41.39292618541534],[2.213182397590492,41.392787595138444],[2.213043807313595,41.392787595138444],[2.212905217036697,41.392649004861546],[2.2127666267598,41.392649004861546],[2.212628036482903,41.392649004861546],[2.212489446206005,41.39251041458465],[2.212350855929108,41.39251041458465],[2.21221226565221,41.39251041458465],[2.212073675375313,41.39237182430775],[2.211935085098415,41.39237182430775],[2.211796494821518,41.39237182430775],[2.211657904544621,41.392233234030854],[2.211519314267723,41.392233234030854],[2.211380723990826,41.392233234030854],[2.211242133713928,41.39209464375396],[2.211103543437031,41.39209464375396],[2.210964953160134,41.39209464375396],[2.210826362883236,41.39195605347706],[2.210687772606339,41.39195605347706],[2.210549182329441,41.39195605347706],[2.210410592052544,41.39181746320016],[2.210272001775647,41.39181746320016],[2.210133411498749,41.39181746320016],[2.209994821221851,41.391678872923265],[2.209856230944954,41.391678872923265],[2.209717640668057,41.39154028264637],[2.209579050391159,41.39140169236947],[2.209579050391159,41.39126310209257],[2.209440460114262,41.391124511815676],[2.209440460114262,41.39098592153878],[2.209301869837364,41.39084733126188],[2.209301869837364,41.390708740984984],[2.209163279560467,41.390570150708086],[2.209163279560467,41.39043156043119],[2.20902468928357,41.39029297015429],[2.20902468928357,41.390154379877394],[2.208886099006672,41.3900157896005],[2.208886099006672,41.3898771993236],[2.208747508729775,41.3897386090467],[2.208747508729775,41.389600018769805],[2.208608918452877,41.38946142849291],[2.208608918452877,41.38932283821601],[2.20847032817598,41.38918424793911],[2.20847032817598,41.389045657662216],[2.208331737899083,41.38890706738532],[2.208331737899083,41.38876847710842],[2.208193147622185,41.38876847710842],[2.208054557345288,41.388629886831524],[2.207915967068391,41.388629886831524],[2.207777376791493,41.388629886831524],[2.207638786514595,41.388491296554626],[2.207638786514595,41.38835270627773],[2.207500196237698,41.38835270627773],[2.207361605960801,41.38821411600083],[2.207223015683903,41.38821411600083],[2.207084425407006,41.38821411600083],[2.206945835130108,41.388075525723934],[2.206807244853211,41.38793693544704],[2.206668654576314,41.38779834517014],[2.206668654576314,41.38765975489324],[2.206530064299416,41.387521164616345],[2.206530064299416,41.38738257433945],[2.206391474022519,41.38724398406255],[2.206391474022519,41.38710539378565],[2.206252883745621,41.386966803508756],[2.206252883745621,41.38682821323186],[2.206114293468724,41.38668962295496],[2.206114293468724,41.386551032678064],[2.205975703191827,41.386412442401166],[2.205975703191827,41.38627385212427],[2.205837112914929,41.38613526184737],[2.205837112914929,41.385996671570474],[2.205698522638032,41.38585808129357],[2.205698522638032,41.38571949101667],[2.205559932361134,41.385580900739775],[2.205559932361134,41.38544231046288],[2.205421342084237,41.38530372018598],[2.205421342084237,41.38516512990908],[2.205282751807339,41.385026539632186],[2.205282751807339,41.38488794935529],[2.205144161530442,41.38474935907839],[2.205005571253545,41.384610768801494],[2.205005571253545,41.3844721785246],[2.204866980976647,41.3844721785246],[2.20472839069975,41.3843335882477],[2.20472839069975,41.3841949979708],[2.204589800422852,41.384056407693905],[2.204589800422852,41.38391781741701],[2.204451210145955,41.38391781741701],[2.204312619869058,41.38377922714011],[2.20417402959216,41.38364063686321],[2.20417402959216,41.383502046586315],[2.204035439315263,41.383502046586315],[2.203896849038365,41.38336345630942],[2.203758258761468,41.38336345630942],[2.203619668484571,41.38322486603252],[2.203619668484571,41.38308627575562],[2.203481078207673,41.38308627575562],[2.203342487930775,41.382947685478726],[2.203342487930775,41.38280909520183],[2.203203897653878,41.38267050492493],[2.203203897653878,41.382531914648034],[2.203065307376981,41.382531914648034],[2.202926717100083,41.38239332437114],[2.202788126823186,41.38225473409424],[2.202649536546289,41.38225473409424],[2.202510946269391,41.38211614381734],[2.202372355992494,41.38211614381734],[2.202233765715596,41.38211614381734],[2.202095175438699,41.381977553540445],[2.202095175438699,41.38183896326355],[2.201956585161802,41.38183896326355],[2.201817994884904,41.38170037298665],[2.201679404608007,41.38170037298665],[2.201540814331109,41.38156178270975],[2.201402224054212,41.38156178270975],[2.201263633777315,41.381423192432855],[2.201125043500417,41.381423192432855],[2.200986453223519,41.381423192432855],[2.200847862946622,41.38128460215596],[2.200709272669725,41.38128460215596],[2.200570682392827,41.38128460215596],[2.20043209211593,41.38114601187906],[2.200293501839032,41.38114601187906],[2.200154911562135,41.38100742160216],[2.200154911562135,41.380868831325266],[2.200016321285238,41.38073024104837],[2.200016321285238,41.38059165077147],[2.19987773100834,41.380453060494574],[2.19987773100834,41.38031447021768],[2.199739140731443,41.38017587994078],[2.199739140731443,41.38003728966388],[2.199600550454545,41.379898699386985],[2.199600550454545,41.37976010911009],[2.199461960177648,41.37962151883319],[2.199461960177648,41.37948292855629],[2.199323369900751,41.379344338279395],[2.199323369900751,41.3792057480025],[2.199184779623853,41.3792057480025],[2.199046189346956,41.3790671577256],[2.199046189346956,41.3789285674487],[2.198907599070059,41.378789977171806],[2.198907599070059,41.37865138689491],[2.198769008793161,41.37851279661801],[2.198769008793161,41.378374206341114],[2.198630418516264,41.378374206341114],[2.198491828239366,41.37823561606422],[2.198353237962469,41.37823561606422],[2.198214647685572,41.37823561606422],[2.198076057408674,41.37809702578732],[2.197937467131776,41.37809702578732],[2.197798876854879,41.37809702578732],[2.197660286577982,41.37795843551042],[2.197521696301084,41.37795843551042],[2.197383106024187,41.37795843551042],[2.197244515747289,41.377819845233525],[2.197105925470392,41.377819845233525],[2.196967335193495,41.377819845233525],[2.196828744916597,41.37768125495663],[2.1966901546397,41.37768125495663],[2.196551564362802,41.37768125495663],[2.196412974085905,41.37754266467973],[2.196274383809008,41.37754266467973],[2.19613579353211,41.37754266467973],[2.195997203255213,41.37740407440283],[2.195858612978315,41.377265484125935],[2.195720022701418,41.37712689384904],[2.195720022701418,41.37698830357214],[2.19558143242452,41.37684971329524],[2.19558143242452,41.376711123018346],[2.195442842147623,41.37657253274145],[2.195442842147623,41.37643394246455],[2.195304251870726,41.376295352187654],[2.195304251870726,41.37615676191076],[2.195165661593828,41.37601817163386],[2.195165661593828,41.37587958135696],[2.195027071316931,41.375740991080065],[2.195027071316931,41.37560240080317],[2.194888481040033,41.37546381052627],[2.194888481040033,41.37532522024937],[2.194749890763136,41.375186629972475],[2.194749890763136,41.37504803969558],[2.194611300486239,41.37490944941868],[2.194611300486239,41.37477085914178],[2.194472710209341,41.374632268864886],[2.194472710209341,41.37449367858799],[2.194334119932444,41.37435508831109],[2.194334119932444,41.374216498034194],[2.194195529655546,41.3740779077573],[2.194195529655546,41.37393931748039],[2.194056939378649,41.373800727203495],[2.194056939378649,41.3736621369266],[2.194056939378649,41.3735235466497],[2.194056939378649,41.3733849563728],[2.194056939378649,41.373246366095906],[2.194056939378649,41.37310777581901],[2.194056939378649,41.37296918554211],[2.194056939378649,41.372830595265214],[2.194056939378649,41.372692004988316],[2.194056939378649,41.37255341471142],[2.194056939378649,41.37241482443452],[2.194056939378649,41.372276234157624],[2.194056939378649,41.37213764388073],[2.194056939378649,41.37199905360383],[2.194056939378649,41.37186046332693],[2.194056939378649,41.371721873050035],[2.194056939378649,41.37158328277314],[2.194056939378649,41.37144469249624],[2.194195529655546,41.37130610221934],[2.194195529655546,41.371167511942446],[2.194334119932444,41.37102892166555],[2.194334119932444,41.37089033138865],[2.194472710209341,41.370751741111754],[2.194472710209341,41.370613150834856],[2.194611300486239,41.37047456055796],[2.194611300486239,41.37033597028106],[2.194611300486239,41.370197380004164],[2.194611300486239,41.37005878972727],[2.194611300486239,41.36992019945037],[2.194611300486239,41.36978160917347],[2.194611300486239,41.369643018896575],[2.194611300486239,41.36950442861968],[2.194611300486239,41.36936583834278],[2.194472710209341,41.36922724806588],[2.194472710209341,41.369088657788986],[2.194334119932444,41.36895006751209],[2.194334119932444,41.36881147723519],[2.194195529655546,41.368672886958294],[2.194195529655546,41.368534296681396],[2.194056939378649,41.3683957064045],[2.194056939378649,41.3682571161276],[2.193918349101752,41.368118525850704],[2.193918349101752,41.36797993557381],[2.193779758824854,41.36797993557381],[2.193641168547956,41.36784134529691],[2.193502578271059,41.36784134529691],[2.193363987994162,41.36784134529691],[2.193225397717264,41.36770275502001],[2.193086807440367,41.367564164743115],[2.193086807440367,41.36742557446622],[2.19294821716347,41.36742557446622],[2.192809626886572,41.36728698418932],[2.192671036609675,41.36728698418932],[2.192532446332777,41.36728698418932],[2.19239385605588,41.36714839391242],[2.192255265778983,41.367009803635526],[2.192116675502085,41.36687121335863],[2.192116675502085,41.36673262308173],[2.191978085225188,41.366594032804834],[2.191978085225188,41.366455442527936],[2.19183949494829,41.36631685225104],[2.19183949494829,41.36617826197414],[2.191700904671393,41.366039671697244],[2.191700904671393,41.36590108142035],[2.191562314394496,41.36576249114345],[2.191562314394496,41.36562390086655],[2.191423724117598,41.365485310589655],[2.191423724117598,41.36534672031276],[2.1912851338407,41.36520813003586],[2.1912851338407,41.36506953975896],[2.191146543563803,41.364930949482066],[2.191146543563803,41.36479235920517],[2.191007953286906,41.36465376892827],[2.191007953286906,41.364515178651374],[2.190869363010008,41.364376588374476],[2.190869363010008,41.36423799809758],[2.190730772733111,41.36409940782068],[2.190730772733111,41.363960817543784],[2.190592182456213,41.36382222726689],[2.190592182456213,41.36368363698999],[2.190453592179316,41.36354504671309],[2.190453592179316,41.363406456436195],[2.190453592179316,41.3632678661593],[2.190453592179316,41.3631292758824],[2.190453592179316,41.3629906856055],[2.190453592179316,41.362852095328606],[2.190315001902419,41.36271350505171],[2.190315001902419,41.36257491477481],[2.190176411625521,41.362436324497914],[2.190176411625521,41.362297734221016],[2.190176411625521,41.36215914394412],[2.190037821348624,41.36202055366722],[2.190037821348624,41.36188196339032],[2.189899231071727,41.36174337311342],[2.189899231071727,41.36160478283652],[2.189899231071727,41.361466192559625],[2.189899231071727,41.36132760228273],[2.189899231071727,41.36118901200583],[2.189760640794829,41.36105042172893],[2.189760640794829,41.360911831452036],[2.189622050517932,41.36077324117514],[2.189622050517932,41.36063465089824],[2.189483460241034,41.360496060621344],[2.189483460241034,41.36035747034445],[2.189344869964137,41.36021888006755],[2.189344869964137,41.36008028979065],[2.18920627968724,41.359941699513755],[2.18920627968724,41.35980310923686],[2.189067689410342,41.35966451895996],[2.189067689410342,41.35952592868306],[2.188929099133444,41.359387338406165],[2.188929099133444,41.35924874812927],[2.188790508856547,41.35911015785237],[2.188790508856547,41.35897156757547],[2.18865191857965,41.358832977298576],[2.18865191857965,41.35869438702168],[2.188513328302752,41.35855579674478],[2.188513328302752,41.358417206467884],[2.188374738025855,41.35827861619099],[2.188374738025855,41.35814002591409],[2.188236147748957,41.35800143563719],[2.188236147748957,41.357862845360295],[2.18809755747206,41.3577242550834],[2.18809755747206,41.3575856648065],[2.18809755747206,41.3574470745296],[2.18809755747206,41.357308484252705],[2.18809755747206,41.35716989397581],[2.18809755747206,41.35703130369891],[2.187958967195163,41.35689271342201],[2.187958967195163,41.356754123145116],[2.187820376918265,41.35661553286822],[2.187820376918265,41.35647694259132],[2.187681786641368,41.356338352314424],[2.187681786641368,41.35619976203753],[2.18754319636447,41.35606117176063],[2.18754319636447,41.35592258148373],[2.187404606087573,41.355783991206835],[2.187404606087573,41.35564540092994],[2.187266015810676,41.35564540092994],[2.187127425533778,41.35550681065304],[2.186988835256881,41.35550681065304],[2.186850244979983,41.35550681065304],[2.186711654703086,41.35536822037614],[2.186573064426188,41.35536822037614],[2.186434474149291,41.35536822037614],[2.186295883872394,41.355229630099245],[2.186157293595496,41.355229630099245],[2.186018703318599,41.355229630099245],[2.185880113041701,41.35509103982235],[2.185741522764804,41.35509103982235],[2.185602932487907,41.35509103982235],[2.185464342211009,41.35495244954545],[2.185325751934112,41.35509103982235],[2.185187161657214,41.35509103982235],[2.185048571380317,41.35509103982235],[2.18490998110342,41.355229630099245],[2.184771390826522,41.355229630099245],[2.184632800549624,41.355229630099245],[2.184494210272727,41.355229630099245],[2.18435561999583,41.35536822037614],[2.184217029718933,41.35536822037614],[2.184078439442035,41.35536822037614],[2.183939849165138,41.35550681065304],[2.18380125888824,41.35550681065304],[2.183662668611343,41.35550681065304],[2.183524078334445,41.35564540092994],[2.183385488057548,41.35564540092994],[2.183246897780651,41.35564540092994],[2.183108307503753,41.355783991206835],[2.182969717226856,41.355783991206835],[2.182831126949958,41.355783991206835],[2.182692536673061,41.35592258148373],[2.182553946396164,41.35592258148373],[2.182553946396164,41.35606117176063],[2.182415356119266,41.35619976203753],[2.182415356119266,41.356338352314424],[2.182276765842369,41.35647694259132],[2.182276765842369,41.35661553286822],[2.182138175565471,41.356754123145116],[2.182138175565471,41.35689271342201],[2.181999585288574,41.35703130369891],[2.181999585288574,41.35716989397581],[2.181860995011677,41.357308484252705],[2.181860995011677,41.3574470745296],[2.181860995011677,41.3575856648065],[2.181860995011677,41.3577242550834],[2.181860995011677,41.357862845360295],[2.181860995011677,41.35800143563719],[2.181860995011677,41.35814002591409],[2.181860995011677,41.35827861619099],[2.181860995011677,41.358417206467884],[2.181999585288574,41.35855579674478],[2.181999585288574,41.35869438702168],[2.182138175565471,41.358832977298576],[2.182138175565471,41.35897156757547],[2.182276765842369,41.35911015785237],[2.182276765842369,41.35924874812927],[2.182415356119266,41.359387338406165],[2.182415356119266,41.35952592868306],[2.182553946396164,41.35966451895996],[2.182553946396164,41.35980310923686],[2.182692536673061,41.359941699513755],[2.182692536673061,41.36008028979065],[2.182831126949958,41.36021888006755],[2.182831126949958,41.36035747034445],[2.182969717226856,41.360496060621344],[2.182969717226856,41.36063465089824],[2.183108307503753,41.36077324117514],[2.183108307503753,41.360911831452036],[2.183108307503753,41.36105042172893],[2.183108307503753,41.36118901200583],[2.183108307503753,41.36132760228273],[2.183108307503753,41.361466192559625],[2.183108307503753,41.36160478283652],[2.183108307503753,41.36174337311342],[2.183108307503753,41.36188196339032],[2.183108307503753,41.36202055366722],[2.183108307503753,41.36215914394412],[2.183108307503753,41.362297734221016],[2.183108307503753,41.362436324497914],[2.183108307503753,41.36257491477481],[2.183108307503753,41.36271350505171],[2.183108307503753,41.362852095328606],[2.183108307503753,41.3629906856055],[2.183108307503753,41.3631292758824],[2.182969717226856,41.3632678661593],[2.182969717226856,41.363406456436195],[2.182831126949958,41.36354504671309],[2.182831126949958,41.36368363698999],[2.182692536673061,41.36382222726689],[2.182692536673061,41.363960817543784],[2.182553946396164,41.36409940782068],[2.182553946396164,41.36423799809758],[2.182415356119266,41.364376588374476],[2.182415356119266,41.364515178651374],[2.182276765842369,41.36465376892827],[2.182276765842369,41.36479235920517],[2.182138175565471,41.364930949482066],[2.182138175565471,41.36506953975896],[2.181999585288574,41.36520813003586],[2.181999585288574,41.36534672031276],[2.181860995011677,41.365485310589655],[2.181860995011677,41.36562390086655],[2.181722404734779,41.36576249114345],[2.181722404734779,41.36590108142035],[2.181583814457881,41.366039671697244],[2.181445224180984,41.366039671697244],[2.181306633904087,41.366039671697244],[2.181168043627189,41.36617826197414],[2.181029453350292,41.36617826197414],[2.180890863073394,41.36617826197414],[2.180752272796497,41.36631685225104],[2.1806136825196,41.36631685225104],[2.180475092242702,41.36631685225104],[2.180336501965805,41.366455442527936],[2.180197911688908,41.366455442527936],[2.18005932141201,41.366455442527936],[2.179920731135113,41.366594032804834],[2.179782140858215,41.366594032804834],[2.179643550581318,41.366594032804834],[2.179504960304421,41.36673262308173],[2.179366370027523,41.36673262308173],[2.179227779750625,41.36673262308173],[2.179089189473728,41.36687121335863],[2.178950599196831,41.36687121335863],[2.178812008919933,41.36687121335863],[2.178673418643036,41.367009803635526],[2.178534828366138,41.367009803635526],[2.178396238089241,41.367009803635526],[2.178257647812344,41.36714839391242],[2.178119057535446,41.36714839391242],[2.177980467258549,41.367009803635526],[2.177841876981651,41.367009803635526],[2.177703286704754,41.367009803635526],[2.177564696427857,41.36687121335863],[2.177426106150959,41.36687121335863],[2.177287515874062,41.36687121335863],[2.177148925597164,41.36673262308173],[2.177010335320267,41.36673262308173],[2.176871745043369,41.36673262308173],[2.176733154766472,41.366594032804834],[2.176594564489575,41.366594032804834],[2.176455974212677,41.366594032804834],[2.17631738393578,41.366455442527936],[2.176178793658882,41.366455442527936],[2.176040203381985,41.366455442527936],[2.175901613105088,41.36631685225104],[2.17576302282819,41.36631685225104],[2.175624432551293,41.36631685225104],[2.175485842274395,41.36617826197414],[2.175347251997498,41.36617826197414],[2.175208661720601,41.36617826197414],[2.175070071443703,41.366039671697244],[2.174931481166806,41.366039671697244],[2.174792890889908,41.366039671697244],[2.174654300613011,41.36590108142035],[2.174654300613011,41.36576249114345],[2.174515710336113,41.36562390086655],[2.174515710336113,41.365485310589655],[2.174377120059216,41.36534672031276],[2.174238529782319,41.36520813003586],[2.174238529782319,41.36506953975896],[2.174099939505421,41.364930949482066],[2.174099939505421,41.36479235920517],[2.173961349228524,41.36465376892827],[2.173961349228524,41.364515178651374],[2.173822758951626,41.364376588374476],[2.173822758951626,41.36423799809758],[2.173684168674729,41.36409940782068],[2.173684168674729,41.363960817543784],[2.173545578397832,41.36382222726689],[2.173545578397832,41.36368363698999],[2.173406988120934,41.36354504671309],[2.173268397844037,41.363406456436195],[2.173268397844037,41.3632678661593],[2.173129807567139,41.3631292758824],[2.173129807567139,41.3629906856055],[2.172991217290242,41.362852095328606],[2.172852627013345,41.36271350505171],[2.172714036736447,41.36271350505171],[2.172575446459549,41.36257491477481],[2.172436856182652,41.362436324497914],[2.172298265905755,41.362297734221016],[2.172298265905755,41.36215914394412],[2.172159675628857,41.36202055366722],[2.172159675628857,41.36188196339032],[2.17202108535196,41.36174337311342],[2.17202108535196,41.36160478283652],[2.171882495075062,41.361466192559625],[2.171882495075062,41.36132760228273],[2.171743904798165,41.36118901200583],[2.171605314521268,41.36105042172893],[2.171605314521268,41.360911831452036],[2.17146672424437,41.36077324117514],[2.171328133967473,41.36063465089824],[2.171189543690575,41.360496060621344],[2.171050953413678,41.36035747034445],[2.171050953413678,41.36021888006755],[2.170912363136781,41.36008028979065],[2.170773772859883,41.36008028979065],[2.170635182582986,41.359941699513755],[2.170496592306089,41.35980310923686],[2.170358002029191,41.35966451895996],[2.170219411752293,41.35966451895996],[2.170080821475396,41.35952592868306],[2.169942231198499,41.359387338406165],[2.169803640921601,41.35924874812927],[2.169665050644704,41.35924874812927],[2.169526460367806,41.35911015785237],[2.169387870090909,41.35897156757547],[2.169249279814012,41.358832977298576],[2.169110689537114,41.358832977298576],[2.168972099260217,41.35869438702168],[2.168833508983319,41.35855579674478],[2.168694918706422,41.35855579674478],[2.168556328429525,41.358417206467884],[2.168417738152627,41.35827861619099],[2.16827914787573,41.35827861619099],[2.168140557598832,41.35814002591409],[2.168001967321935,41.35800143563719],[2.167863377045038,41.35800143563719],[2.16772478676814,41.357862845360295],[2.167586196491243,41.357862845360295],[2.167447606214346,41.3577242550834],[2.167309015937448,41.3575856648065],[2.16717042566055,41.3575856648065],[2.167031835383653,41.3574470745296],[2.166893245106756,41.357308484252705],[2.166754654829858,41.357308484252705],[2.166616064552961,41.35716989397581],[2.166477474276063,41.35703130369891],[2.166338883999166,41.35703130369891],[2.166200293722269,41.35689271342201],[2.166061703445371,41.356754123145116],[2.165923113168474,41.35661553286822],[2.165784522891576,41.35647694259132],[2.165645932614679,41.35647694259132],[2.165507342337782,41.356338352314424],[2.165368752060884,41.35619976203753],[2.165230161783987,41.35606117176063],[2.165091571507089,41.35606117176063],[2.164952981230192,41.35592258148373],[2.164814390953294,41.355783991206835],[2.164675800676397,41.35564540092994],[2.1645372103995,41.35550681065304],[2.164398620122602,41.35550681065304],[2.164260029845705,41.35536822037614],[2.164121439568807,41.355229630099245],[2.16398284929191,41.35509103982235],[2.163844259015013,41.35495244954545],[2.163705668738115,41.35481385926855],[2.163567078461218,41.354675268991656],[2.16342848818432,41.35453667871476],[2.163289897907423,41.35439808843786],[2.163151307630526,41.354259498160964],[2.163012717353628,41.35412090788407],[2.16287412707673,41.35412090788407],[2.162735536799833,41.35398231760717],[2.162596946522936,41.35384372733027],[2.162458356246038,41.353705137053375],[2.162319765969141,41.35356654677648],[2.162181175692243,41.35342795649958],[2.162042585415346,41.35328936622268],[2.161903995138449,41.353150775945785],[2.161765404861551,41.353150775945785],[2.161626814584654,41.35301218566889],[2.161488224307757,41.35301218566889],[2.161349634030859,41.35287359539199],[2.161349634030859,41.35273500511509],[2.161211043753962,41.352596414838196],[2.161211043753962,41.3524578245613],[2.161072453477064,41.3524578245613],[2.160933863200167,41.3523192342844],[2.16079527292327,41.3523192342844],[2.160656682646372,41.3523192342844],[2.160518092369474,41.352180644007504],[2.160379502092577,41.35204205373061],[2.160379502092577,41.35190346345371],[2.16024091181568,41.35190346345371],[2.160102321538782,41.35176487317681],[2.159963731261885,41.35176487317681],[2.159825140984987,41.35176487317681],[2.15968655070809,41.351626282899915],[2.15968655070809,41.35148769262302],[2.159547960431193,41.35148769262302],[2.159409370154295,41.35134910234612],[2.159270779877398,41.35121051206922],[2.1591321896005,41.35121051206922],[2.158993599323603,41.351071921792325],[2.158993599323603,41.35093333151543],[2.158855009046706,41.35093333151543],[2.158716418769808,41.35079474123853],[2.158577828492911,41.35079474123853],[2.158439238216013,41.35079474123853],[2.158300647939116,41.35065615096163],[2.158162057662218,41.35065615096163],[2.158023467385321,41.350517560684736],[2.157884877108424,41.350517560684736],[2.157746286831526,41.35037897040784],[2.157607696554629,41.35037897040784],[2.157469106277731,41.35037897040784],[2.157330516000834,41.35024038013094],[2.157191925723937,41.35024038013094],[2.157053335447039,41.35024038013094],[2.156914745170142,41.350101789854044],[2.156776154893244,41.350101789854044],[2.156637564616347,41.350101789854044],[2.15649897433945,41.34996319957714],[2.156360384062552,41.34996319957714],[2.156221793785654,41.34996319957714],[2.156083203508757,41.34982460930024],[2.15594461323186,41.34982460930024],[2.155806022954962,41.34982460930024],[2.155667432678065,41.34982460930024],[2.155528842401168,41.349686019023345],[2.15539025212427,41.349686019023345],[2.155251661847373,41.349686019023345],[2.155113071570475,41.34954742874645],[2.154974481293578,41.349686019023345],[2.154835891016681,41.349686019023345],[2.154697300739783,41.34954742874645],[2.154558710462886,41.34954742874645],[2.154420120185988,41.34954742874645],[2.154281529909091,41.34940883846955],[2.154142939632194,41.34940883846955],[2.154004349355296,41.34940883846955],[2.153865759078399,41.34940883846955],[2.153727168801501,41.34927024819265],[2.153588578524604,41.34927024819265],[2.153449988247707,41.34927024819265],[2.153311397970809,41.349131657915756],[2.153172807693911,41.349131657915756],[2.153034217417014,41.349131657915756],[2.152895627140117,41.34899306763886],[2.152757036863219,41.34899306763886],[2.152618446586322,41.34899306763886],[2.152479856309425,41.34885447736196],[2.152341266032527,41.34885447736196],[2.15220267575563,41.34885447736196],[2.152064085478732,41.34871588708506],[2.151925495201835,41.34871588708506],[2.151786904924938,41.34871588708506],[2.15164831464804,41.348577296808166],[2.151509724371143,41.348577296808166],[2.151371134094245,41.348577296808166],[2.151232543817348,41.34843870653127],[2.151093953540451,41.34843870653127],[2.150955363263553,41.34843870653127],[2.150816772986655,41.34830011625437],[2.150678182709758,41.34830011625437],[2.150539592432861,41.34830011625437],[2.150401002155963,41.348161525977474],[2.150262411879066,41.348161525977474],[2.150123821602168,41.348161525977474],[2.149985231325271,41.34802293570058],[2.149846641048374,41.34802293570058],[2.149708050771476,41.34788434542368],[2.149569460494579,41.34788434542368],[2.149430870217681,41.34774575514678],[2.149292279940784,41.34774575514678],[2.149153689663887,41.34774575514678],[2.149015099386989,41.347607164869885],[2.148876509110092,41.347607164869885],[2.148737918833194,41.347607164869885],[2.148599328556297,41.34746857459299],[2.148460738279399,41.34746857459299],[2.148322148002502,41.34746857459299],[2.148183557725605,41.34732998431609],[2.148044967448707,41.34732998431609],[2.14790637717181,41.34732998431609],[2.147767786894912,41.34719139403919],[2.147629196618015,41.34719139403919],[2.147490606341118,41.34719139403919],[2.14735201606422,41.347052803762296],[2.147213425787323,41.347052803762296],[2.147074835510425,41.347052803762296],[2.146936245233528,41.3469142134854],[2.146797654956631,41.3467756232085],[2.146659064679733,41.3467756232085],[2.146520474402836,41.3466370329316],[2.146381884125938,41.3466370329316],[2.146243293849041,41.3466370329316],[2.146104703572143,41.346498442654706],[2.145966113295246,41.346498442654706],[2.145827523018349,41.34635985237781],[2.145688932741451,41.34635985237781],[2.145550342464554,41.34622126210091],[2.145411752187656,41.34622126210091],[2.145273161910759,41.34622126210091],[2.145134571633862,41.346082671824014],[2.144995981356964,41.346082671824014],[2.144857391080067,41.34594408154712],[2.144718800803169,41.34594408154712],[2.144580210526272,41.34594408154712],[2.144441620249375,41.34580549127022],[2.144303029972477,41.34580549127022],[2.144164439695579,41.34580549127022],[2.144025849418682,41.34566690099332],[2.143887259141785,41.34566690099332],[2.143748668864887,41.34566690099332],[2.14361007858799,41.345528310716425],[2.143471488311092,41.345528310716425],[2.143332898034195,41.345528310716425],[2.143194307757298,41.34538972043953],[2.1430557174804,41.34538972043953],[2.142917127203503,41.34538972043953],[2.142778536926606,41.34525113016263],[2.142639946649708,41.34525113016263],[2.142501356372811,41.34525113016263],[2.142362766095913,41.34511253988573],[2.142362766095913,41.344973949608836],[2.142224175819016,41.344973949608836],[2.142085585542119,41.34483535933194],[2.141946995265221,41.34483535933194],[2.141808404988323,41.34483535933194],[2.141669814711426,41.34469676905504],[2.141531224434529,41.34469676905504],[2.141392634157631,41.34469676905504],[2.141254043880734,41.34455817877814],[2.141115453603836,41.34455817877814],[2.140976863326939,41.34455817877814],[2.140838273050042,41.344419588501246],[2.140699682773144,41.344419588501246],[2.140561092496247,41.344419588501246],[2.140422502219349,41.34428099822435],[2.140283911942452,41.34428099822435],[2.140145321665555,41.34428099822435],[2.140006731388657,41.34414240794745],[2.13986814111176,41.34414240794745],[2.139729550834862,41.34414240794745],[2.139590960557965,41.344003817670554],[2.139452370281067,41.344003817670554],[2.13931378000417,41.34386522739366],[2.139175189727273,41.34386522739366],[2.139036599450375,41.34372663711676],[2.138898009173478,41.34372663711676],[2.13875941889658,41.34372663711676],[2.138620828619683,41.34358804683986],[2.138482238342786,41.34358804683986],[2.138343648065888,41.34358804683986],[2.138205057788991,41.343449456562965],[2.138066467512093,41.343449456562965],[2.137927877235196,41.343449456562965],[2.137789286958299,41.34331086628607],[2.137650696681401,41.34331086628607],[2.137512106404504,41.34331086628607],[2.137373516127606,41.34317227600917],[2.137234925850709,41.34317227600917],[2.137096335573812,41.34317227600917],[2.136957745296914,41.34303368573227],[2.136819155020017,41.34303368573227],[2.136680564743119,41.34303368573227],[2.136541974466222,41.342895095455376],[2.136403384189324,41.342895095455376],[2.136264793912427,41.342895095455376],[2.13612620363553,41.34275650517848],[2.135987613358632,41.34275650517848],[2.135849023081735,41.34275650517848],[2.135710432804837,41.34261791490158],[2.13557184252794,41.34275650517848],[2.135433252251043,41.34275650517848],[2.135294661974145,41.34275650517848],[2.135156071697248,41.342895095455376],[2.13501748142035,41.342895095455376],[2.134878891143453,41.342895095455376],[2.134740300866556,41.34303368573227],[2.134601710589658,41.34303368573227],[2.13446312031276,41.34303368573227],[2.134324530035863,41.34317227600917],[2.134185939758966,41.34317227600917],[2.134047349482068,41.34317227600917],[2.133908759205171,41.34331086628607],[2.133770168928273,41.34331086628607],[2.133631578651376,41.34317227600917],[2.133492988374479,41.34317227600917],[2.133354398097581,41.34317227600917],[2.133215807820684,41.34303368573227],[2.133077217543787,41.34303368573227],[2.132938627266889,41.34303368573227],[2.132800036989992,41.342895095455376],[2.132661446713094,41.342895095455376],[2.132522856436197,41.342895095455376],[2.1323842661593,41.34275650517848],[2.132245675882402,41.34275650517848],[2.132107085605504,41.34275650517848],[2.131968495328607,41.34261791490158],[2.13182990505171,41.34261791490158],[2.131691314774812,41.34261791490158],[2.131552724497915,41.342479324624684],[2.131414134221017,41.342479324624684],[2.13127554394412,41.342479324624684],[2.131136953667223,41.342340734347786],[2.130998363390325,41.342340734347786],[2.130859773113428,41.342340734347786],[2.13072118283653,41.34220214407089],[2.130582592559633,41.34220214407089],[2.130444002282736,41.34220214407089],[2.130305412005838,41.34206355379399],[2.130305412005838,41.341924963517094],[2.130166821728941,41.3417863732402],[2.130166821728941,41.3416477829633],[2.130028231452044,41.3415091926864],[2.130028231452044,41.341370602409505],[2.129889641175146,41.34123201213261],[2.129889641175146,41.34109342185571],[2.129751050898248,41.34095483157881],[2.129751050898248,41.340816241301916],[2.129612460621351,41.34067765102502],[2.129612460621351,41.34053906074812],[2.129473870344454,41.34053906074812],[2.129335280067556,41.340400470471224],[2.129196689790659,41.340400470471224],[2.129058099513761,41.340400470471224],[2.128919509236864,41.340261880194326],[2.128780918959967,41.340261880194326],[2.128642328683069,41.340261880194326],[2.128503738406172,41.34012328991743],[2.128365148129274,41.34012328991743],[2.128226557852377,41.34012328991743],[2.12808796757548,41.33998469964053],[2.127949377298582,41.33998469964053],[2.127810787021685,41.33998469964053],[2.127672196744787,41.339846109363634],[2.12753360646789,41.33998469964053],[2.127395016190992,41.33998469964053],[2.127256425914095,41.33998469964053],[2.127117835637198,41.339846109363634],[2.1269792453603,41.339846109363634],[2.126840655083403,41.339846109363634],[2.126702064806505,41.33970751908674],[2.126563474529608,41.33970751908674],[2.126424884252711,41.33970751908674],[2.126286293975813,41.33956892880984],[2.126147703698916,41.33956892880984],[2.126009113422018,41.33956892880984],[2.125870523145121,41.33943033853294],[2.125731932868224,41.33943033853294],[2.125593342591326,41.33943033853294],[2.125454752314428,41.339291748256045],[2.125316162037531,41.339291748256045],[2.125177571760634,41.339291748256045],[2.125038981483736,41.33915315797915],[2.124900391206839,41.33915315797915],[2.124761800929941,41.33915315797915],[2.124623210653044,41.33901456770225],[2.124484620376147,41.33901456770225],[2.124346030099249,41.33901456770225],[2.124207439822352,41.33887597742535],[2.124068849545455,41.33887597742535],[2.123930259268557,41.33887597742535],[2.12379166899166,41.338737387148456],[2.12379166899166,41.33859879687156],[2.123653078714762,41.33859879687156],[2.123514488437865,41.33846020659466],[2.123375898160968,41.33846020659466],[2.12323730788407,41.338321616317764],[2.123098717607173,41.338321616317764],[2.122960127330275,41.338183026040866],[2.122821537053378,41.338183026040866],[2.122682946776481,41.338183026040866],[2.122544356499583,41.33804443576396],[2.122405766222685,41.33804443576396],[2.122267175945788,41.33804443576396],[2.122128585668891,41.337905845487064],[2.121989995391993,41.337905845487064],[2.121851405115096,41.337905845487064],[2.121712814838198,41.33776725521017],[2.121574224561301,41.33776725521017],[2.121435634284404,41.33776725521017],[2.121297044007506,41.33762866493327],[2.121158453730609,41.33762866493327],[2.121019863453711,41.33762866493327],[2.120881273176814,41.33762866493327],[2.120742682899917,41.33749007465637],[2.120604092623019,41.33749007465637],[2.120465502346122,41.33749007465637],[2.120326912069225,41.33749007465637],[2.120188321792327,41.337351484379475],[2.120049731515429,41.337351484379475],[2.119911141238532,41.337351484379475],[2.119772550961635,41.337351484379475],[2.119633960684737,41.33721289410258],[2.11949537040784,41.337351484379475],[2.119356780130942,41.337351484379475],[2.119218189854045,41.33721289410258],[2.119079599577148,41.337351484379475],[2.11894100930025,41.33721289410258],[2.118802419023353,41.33721289410258],[2.118663828746455,41.33721289410258],[2.118525238469558,41.33721289410258],[2.118386648192661,41.33707430382568],[2.118248057915763,41.33721289410258],[2.118109467638866,41.33707430382568],[2.117970877361968,41.33721289410258],[2.117832287085071,41.33721289410258],[2.117693696808173,41.33707430382568],[2.117555106531276,41.33721289410258],[2.117416516254379,41.33707430382568],[2.117277925977481,41.33721289410258],[2.117139335700584,41.33721289410258],[2.117000745423686,41.33707430382568],[2.116862155146789,41.33721289410258],[2.116723564869892,41.33707430382568],[2.116584974592994,41.33721289410258],[2.116446384316097,41.33707430382568],[2.116307794039199,41.33721289410258],[2.116169203762302,41.33721289410258],[2.116030613485405,41.33707430382568],[2.115892023208507,41.33721289410258],[2.115753432931609,41.33721289410258],[2.115614842654712,41.33721289410258],[2.115476252377815,41.337351484379475],[2.115337662100917,41.33721289410258],[2.11519907182402,41.337351484379475],[2.115060481547123,41.33721289410258],[2.114921891270225,41.337351484379475],[2.114783300993328,41.337351484379475],[2.11464471071643,41.337351484379475],[2.114506120439533,41.33749007465637],[2.114367530162636,41.337351484379475],[2.114228939885738,41.33749007465637],[2.114090349608841,41.337351484379475],[2.113951759331943,41.33749007465637],[2.113813169055046,41.33749007465637],[2.113674578778149,41.33749007465637],[2.113535988501251,41.33762866493327],[2.113397398224353,41.33749007465637],[2.113258807947456,41.33762866493327],[2.113120217670559,41.33762866493327],[2.112981627393661,41.33762866493327],[2.112843037116764,41.33776725521017],[2.112704446839866,41.33776725521017],[2.112565856562969,41.33776725521017],[2.112427266286072,41.337905845487064],[2.112288676009174,41.33776725521017],[2.112150085732277,41.337905845487064],[2.112011495455379,41.337905845487064],[2.111872905178482,41.337905845487064],[2.111734314901585,41.33804443576396],[2.111595724624687,41.33804443576396],[2.11145713434779,41.33804443576396],[2.111318544070893,41.33804443576396],[2.111179953793995,41.33804443576396],[2.111041363517097,41.33804443576396],[2.1109027732402,41.337905845487064],[2.110764182963303,41.33804443576396],[2.110625592686405,41.33804443576396],[2.110487002409508,41.33804443576396],[2.11034841213261,41.338183026040866],[2.110209821855713,41.338183026040866],[2.110071231578816,41.338183026040866],[2.109932641301918,41.338321616317764],[2.109794051025021,41.338183026040866],[2.109655460748123,41.338183026040866],[2.109516870471226,41.338183026040866],[2.109378280194329,41.33804443576396],[2.109239689917431,41.338183026040866],[2.109101099640534,41.338183026040866],[2.108962509363636,41.338183026040866],[2.108823919086739,41.338321616317764],[2.108685328809841,41.338321616317764],[2.108546738532944,41.338321616317764],[2.108408148256047,41.338183026040866],[2.108269557979149,41.338183026040866],[2.108130967702252,41.338183026040866],[2.107992377425354,41.33804443576396],[2.107853787148457,41.338183026040866],[2.10771519687156,41.338183026040866],[2.107576606594662,41.338183026040866],[2.107438016317765,41.338321616317764],[2.107299426040867,41.338321616317764],[2.10716083576397,41.338321616317764],[2.107022245487073,41.338321616317764],[2.106883655210175,41.338183026040866],[2.106745064933278,41.338321616317764],[2.10660647465638,41.338321616317764],[2.106467884379483,41.338321616317764],[2.106329294102586,41.338183026040866],[2.106190703825688,41.338321616317764],[2.10605211354879,41.338321616317764],[2.105913523271893,41.338321616317764],[2.105774932994996,41.338321616317764],[2.105636342718098,41.338321616317764],[2.105497752441201,41.338321616317764],[2.105359162164304,41.338183026040866],[2.105220571887406,41.338321616317764],[2.105081981610509,41.338321616317764],[2.104943391333611,41.338321616317764],[2.104804801056714,41.33846020659466],[2.104666210779817,41.33846020659466],[2.104527620502919,41.338321616317764],[2.104389030226022,41.338321616317764],[2.104250439949124,41.338321616317764],[2.104111849672227,41.338183026040866],[2.10397325939533,41.338321616317764],[2.103834669118432,41.338321616317764],[2.103696078841534,41.338321616317764],[2.103557488564637,41.33846020659466],[2.10341889828774,41.33846020659466],[2.103280308010842,41.33846020659466],[2.103141717733945,41.33859879687156],[2.103003127457047,41.33859879687156],[2.10286453718015,41.33859879687156],[2.102725946903253,41.33859879687156],[2.102587356626355,41.33846020659466],[2.102448766349458,41.33846020659466],[2.10231017607256,41.33846020659466],[2.102171585795663,41.338321616317764],[2.102032995518766,41.33846020659466],[2.101894405241868,41.33846020659466],[2.101755814964971,41.338321616317764],[2.101617224688074,41.33846020659466],[2.101478634411176,41.338321616317764],[2.101340044134278,41.33846020659466],[2.101201453857381,41.33846020659466],[2.101062863580484,41.33846020659466],[2.100924273303586,41.33846020659466],[2.100785683026689,41.33859879687156],[2.100647092749791,41.33859879687156],[2.100508502472894,41.33859879687156],[2.100369912195997,41.33846020659466],[2.100231321919099,41.33859879687156],[2.100092731642202,41.33859879687156],[2.099954141365304,41.33846020659466],[2.099815551088407,41.33859879687156],[2.09967696081151,41.33859879687156],[2.099538370534612,41.33859879687156],[2.099399780257715,41.33859879687156],[2.099261189980817,41.338737387148456],[2.09912259970392,41.338737387148456],[2.098984009427022,41.338737387148456],[2.098845419150125,41.33887597742535],[2.098706828873228,41.338737387148456],[2.09856823859633,41.33887597742535],[2.098429648319433,41.33887597742535],[2.098291058042535,41.33887597742535],[2.098152467765638,41.338737387148456],[2.098013877488741,41.33887597742535],[2.097875287211843,41.33887597742535],[2.097736696934946,41.33887597742535],[2.097598106658048,41.33901456770225],[2.097459516381151,41.33901456770225],[2.097320926104254,41.33901456770225],[2.097182335827356,41.33915315797915],[2.097043745550458,41.33915315797915],[2.096905155273561,41.33915315797915],[2.096766564996664,41.339291748256045],[2.096627974719766,41.339291748256045],[2.096489384442869,41.339291748256045],[2.096350794165972,41.33943033853294],[2.096212203889074,41.33943033853294],[2.096073613612177,41.33956892880984],[2.095935023335279,41.33956892880984],[2.095796433058382,41.33956892880984],[2.095657842781485,41.33970751908674],[2.095519252504587,41.33970751908674],[2.09538066222769,41.33970751908674],[2.095242071950792,41.339846109363634],[2.095103481673895,41.339846109363634],[2.094964891396998,41.339846109363634],[2.0948263011201,41.33998469964053],[2.094687710843202,41.33998469964053],[2.094549120566305,41.33998469964053],[2.094410530289408,41.34012328991743],[2.09427194001251,41.34012328991743],[2.094133349735613,41.340261880194326],[2.093994759458715,41.340261880194326],[2.093856169181818,41.340400470471224],[2.093717578904921,41.34053906074812],[2.093578988628023,41.34053906074812],[2.093578988628023,41.34067765102502],[2.093440398351126,41.340816241301916],[2.093301808074228,41.34095483157881],[2.093163217797331,41.34095483157881],[2.093163217797331,41.34109342185571],[2.093024627520434,41.34123201213261],[2.093024627520434,41.341370602409505],[2.092886037243536,41.3415091926864],[2.092886037243536,41.3416477829633],[2.092747446966639,41.3417863732402],[2.092747446966639,41.341924963517094],[2.092608856689742,41.34206355379399],[2.092608856689742,41.34220214407089],[2.092470266412844,41.342340734347786],[2.092470266412844,41.342479324624684],[2.092331676135947,41.34261791490158],[2.092331676135947,41.34275650517848],[2.092193085859049,41.342895095455376],[2.092193085859049,41.34303368573227],[2.092054495582152,41.34317227600917],[2.092054495582152,41.34331086628607],[2.091915905305255,41.343449456562965],[2.091915905305255,41.34358804683986],[2.091777315028357,41.34372663711676],[2.091777315028357,41.34386522739366],[2.091638724751459,41.344003817670554],[2.091500134474562,41.34414240794745],[2.091500134474562,41.34428099822435],[2.091361544197665,41.344419588501246],[2.091361544197665,41.34455817877814],[2.091222953920767,41.34469676905504],[2.091222953920767,41.34483535933194],[2.09108436364387,41.344973949608836],[2.090945773366972,41.344973949608836],[2.090945773366972,41.34511253988573],[2.090807183090075,41.34525113016263],[2.090807183090075,41.34538972043953],[2.090668592813178,41.345528310716425],[2.090668592813178,41.34566690099332],[2.09053000253628,41.34580549127022],[2.09053000253628,41.34594408154712],[2.090391412259383,41.346082671824014],[2.090391412259383,41.34622126210091],[2.090252821982485,41.34635985237781],[2.090252821982485,41.346498442654706],[2.090252821982485,41.3466370329316],[2.090252821982485,41.3467756232085],[2.090252821982485,41.3469142134854],[2.090114231705588,41.347052803762296],[2.090114231705588,41.34719139403919],[2.089975641428691,41.34732998431609],[2.089975641428691,41.34746857459299],[2.089975641428691,41.347607164869885],[2.089975641428691,41.34774575514678],[2.089975641428691,41.34788434542368],[2.089975641428691,41.34802293570058],[2.089975641428691,41.348161525977474],[2.089975641428691,41.34830011625437],[2.089975641428691,41.34843870653127],[2.089975641428691,41.348577296808166],[2.089837051151793,41.34871588708506],[2.089837051151793,41.34885447736196],[2.089837051151793,41.34899306763886],[2.089837051151793,41.349131657915756],[2.089837051151793,41.34927024819265],[2.089837051151793,41.34940883846955],[2.089837051151793,41.34954742874645],[2.089698460874896,41.349686019023345],[2.089698460874896,41.34982460930024],[2.089559870597998,41.34996319957714],[2.089559870597998,41.350101789854044],[2.089559870597998,41.35024038013094],[2.089559870597998,41.35037897040784],[2.089421280321101,41.350517560684736],[2.089421280321101,41.35065615096163],[2.089282690044203,41.35079474123853],[2.089282690044203,41.35093333151543],[2.089144099767306,41.351071921792325],[2.089144099767306,41.35121051206922],[2.089005509490409,41.35134910234612],[2.089005509490409,41.35148769262302],[2.088866919213511,41.351626282899915],[2.088866919213511,41.35176487317681],[2.088728328936614,41.35190346345371],[2.088728328936614,41.35204205373061],[2.088589738659716,41.352180644007504],[2.088589738659716,41.3523192342844],[2.088451148382819,41.3524578245613],[2.088451148382819,41.352596414838196],[2.088312558105922,41.35273500511509],[2.088312558105922,41.35287359539199],[2.088173967829024,41.35301218566889],[2.088173967829024,41.353150775945785],[2.088035377552127,41.35328936622268],[2.088035377552127,41.35342795649958],[2.087896787275229,41.35356654677648],[2.087896787275229,41.353705137053375],[2.087758196998332,41.35384372733027],[2.087619606721435,41.35384372733027],[2.087619606721435,41.35398231760717],[2.087481016444537,41.35412090788407],[2.087481016444537,41.354259498160964],[2.087342426167639,41.35439808843786],[2.087203835890742,41.35453667871476],[2.087065245613845,41.354675268991656],[2.087065245613845,41.35481385926855],[2.086926655336947,41.35495244954545],[2.086926655336947,41.35509103982235],[2.08678806506005,41.355229630099245],[2.08678806506005,41.35536822037614],[2.086649474783153,41.35550681065304],[2.086649474783153,41.35564540092994],[2.086510884506255,41.355783991206835],[2.086510884506255,41.35592258148373],[2.086372294229358,41.35606117176063],[2.086372294229358,41.35619976203753],[2.086372294229358,41.356338352314424],[2.086372294229358,41.35647694259132],[2.08623370395246,41.35661553286822],[2.08623370395246,41.356754123145116],[2.08623370395246,41.35689271342201],[2.086095113675563,41.35703130369891],[2.086095113675563,41.35716989397581],[2.086095113675563,41.357308484252705],[2.085956523398666,41.3574470745296],[2.085956523398666,41.3575856648065],[2.085956523398666,41.3577242550834],[2.085956523398666,41.357862845360295],[2.085956523398666,41.35800143563719],[2.085956523398666,41.35814002591409],[2.085817933121768,41.35827861619099],[2.085817933121768,41.358417206467884],[2.085817933121768,41.35855579674478],[2.085817933121768,41.35869438702168],[2.085817933121768,41.358832977298576],[2.085817933121768,41.35897156757547],[2.085817933121768,41.35911015785237],[2.085817933121768,41.35924874812927],[2.085817933121768,41.359387338406165],[2.085817933121768,41.35952592868306],[2.085817933121768,41.35966451895996],[2.085817933121768,41.35980310923686],[2.085817933121768,41.359941699513755],[2.085817933121768,41.36008028979065],[2.085817933121768,41.36021888006755],[2.085817933121768,41.36035747034445],[2.085817933121768,41.360496060621344],[2.085817933121768,41.36063465089824],[2.085817933121768,41.36077324117514],[2.085817933121768,41.360911831452036],[2.085817933121768,41.36105042172893],[2.085817933121768,41.36118901200583],[2.085817933121768,41.36132760228273],[2.085817933121768,41.361466192559625],[2.085817933121768,41.36160478283652],[2.085817933121768,41.36174337311342],[2.085817933121768,41.36188196339032],[2.085817933121768,41.36202055366722],[2.085817933121768,41.36215914394412],[2.085679342844871,41.362297734221016],[2.085679342844871,41.362436324497914],[2.085540752567973,41.36257491477481],[2.085540752567973,41.36271350505171],[2.085402162291076,41.362852095328606],[2.085402162291076,41.3629906856055],[2.085263572014179,41.3631292758824],[2.085263572014179,41.3632678661593],[2.085124981737281,41.363406456436195],[2.085124981737281,41.36354504671309],[2.084986391460383,41.36368363698999],[2.084986391460383,41.36382222726689],[2.084847801183486,41.363960817543784],[2.084847801183486,41.36409940782068],[2.084709210906589,41.36423799809758],[2.084709210906589,41.364376588374476],[2.084570620629691,41.364515178651374],[2.084432030352794,41.36465376892827],[2.084432030352794,41.36479235920517],[2.084293440075896,41.364930949482066],[2.084293440075896,41.36506953975896],[2.084154849798999,41.36520813003586],[2.084154849798999,41.36534672031276],[2.084016259522102,41.365485310589655],[2.084016259522102,41.36562390086655],[2.083877669245204,41.36576249114345],[2.083877669245204,41.36590108142035],[2.083739078968307,41.366039671697244],[2.083739078968307,41.36617826197414],[2.083739078968307,41.36631685225104],[2.083739078968307,41.366455442527936],[2.083739078968307,41.366594032804834],[2.083739078968307,41.36673262308173],[2.083739078968307,41.36687121335863],[2.083739078968307,41.367009803635526],[2.083739078968307,41.36714839391242],[2.083739078968307,41.36728698418932],[2.083877669245204,41.36742557446622],[2.083877669245204,41.367564164743115],[2.084016259522102,41.36770275502001],[2.084016259522102,41.36784134529691],[2.084016259522102,41.36797993557381],[2.084016259522102,41.368118525850704],[2.084016259522102,41.3682571161276],[2.084016259522102,41.3683957064045],[2.084016259522102,41.368534296681396],[2.084016259522102,41.368672886958294],[2.084016259522102,41.36881147723519],[2.084154849798999,41.36895006751209],[2.084154849798999,41.369088657788986],[2.084293440075896,41.36922724806588],[2.084293440075896,41.36936583834278],[2.084432030352794,41.36950442861968],[2.084432030352794,41.369643018896575],[2.084570620629691,41.36978160917347],[2.084570620629691,41.36992019945037],[2.084709210906589,41.37005878972727],[2.084709210906589,41.370197380004164],[2.084847801183486,41.370197380004164],[2.084986391460383,41.37033597028106],[2.085124981737281,41.37033597028106],[2.085263572014179,41.37047456055796],[2.085402162291076,41.370613150834856],[2.085540752567973,41.370751741111754],[2.085540752567973,41.37089033138865],[2.085679342844871,41.37089033138865],[2.085817933121768,41.37102892166555],[2.085956523398666,41.37102892166555],[2.086095113675563,41.37102892166555],[2.08623370395246,41.371167511942446],[2.086372294229358,41.371167511942446],[2.086510884506255,41.371167511942446],[2.086649474783153,41.37130610221934],[2.08678806506005,41.37130610221934],[2.086926655336947,41.37130610221934],[2.087065245613845,41.37144469249624],[2.087203835890742,41.37144469249624],[2.087342426167639,41.37144469249624],[2.087481016444537,41.37158328277314],[2.087619606721435,41.37158328277314],[2.087758196998332,41.37158328277314],[2.087896787275229,41.371721873050035],[2.088035377552127,41.371721873050035],[2.088173967829024,41.371721873050035],[2.088312558105922,41.37186046332693],[2.088451148382819,41.37186046332693],[2.088589738659716,41.37186046332693],[2.088728328936614,41.37199905360383],[2.088866919213511,41.37199905360383],[2.089005509490409,41.37199905360383],[2.089144099767306,41.37213764388073],[2.089282690044203,41.37213764388073],[2.089421280321101,41.37213764388073],[2.089559870597998,41.372276234157624],[2.089698460874896,41.372276234157624],[2.089837051151793,41.372276234157624],[2.089975641428691,41.37241482443452],[2.090114231705588,41.37241482443452],[2.090252821982485,41.37241482443452],[2.090391412259383,41.37255341471142],[2.09053000253628,41.37255341471142],[2.090668592813178,41.37255341471142],[2.090807183090075,41.372692004988316],[2.090945773366972,41.372830595265214],[2.09108436364387,41.37296918554211],[2.09108436364387,41.37310777581901],[2.091222953920767,41.373246366095906],[2.091222953920767,41.3733849563728],[2.091361544197665,41.3735235466497],[2.091361544197665,41.3736621369266],[2.091500134474562,41.373800727203495],[2.091500134474562,41.37393931748039],[2.091638724751459,41.3740779077573],[2.091638724751459,41.374216498034194],[2.091777315028357,41.37435508831109],[2.091777315028357,41.37449367858799],[2.091915905305255,41.374632268864886],[2.091915905305255,41.37477085914178],[2.092054495582152,41.37490944941868],[2.092054495582152,41.37504803969558],[2.092193085859049,41.375186629972475],[2.092193085859049,41.37532522024937],[2.092193085859049,41.37546381052627],[2.092331676135947,41.37560240080317],[2.092331676135947,41.375740991080065],[2.092470266412844,41.37587958135696],[2.092470266412844,41.37601817163386],[2.092608856689742,41.37615676191076],[2.092608856689742,41.376295352187654],[2.092747446966639,41.37643394246455],[2.092747446966639,41.37657253274145],[2.092886037243536,41.376711123018346],[2.092886037243536,41.37684971329524],[2.093024627520434,41.37698830357214],[2.093163217797331,41.37712689384904],[2.093163217797331,41.377265484125935],[2.093301808074228,41.37740407440283],[2.093301808074228,41.37754266467973],[2.093440398351126,41.37768125495663],[2.093578988628023,41.377819845233525],[2.093717578904921,41.37795843551042],[2.093856169181818,41.37809702578732],[2.093994759458715,41.37823561606422],[2.094133349735613,41.378374206341114],[2.094133349735613,41.37851279661801],[2.09427194001251,41.37865138689491],[2.094410530289408,41.378789977171806],[2.094549120566305,41.3789285674487],[2.094687710843202,41.3790671577256],[2.0948263011201,41.3792057480025],[2.094964891396998,41.379344338279395],[2.095103481673895,41.37948292855629],[2.095242071950792,41.37948292855629],[2.09538066222769,41.37962151883319],[2.095519252504587,41.37976010911009],[2.095657842781485,41.37976010911009],[2.095796433058382,41.379898699386985],[2.095935023335279,41.38003728966388],[2.096073613612177,41.38003728966388],[2.096212203889074,41.38017587994078],[2.096350794165972,41.38017587994078],[2.096489384442869,41.38017587994078],[2.096627974719766,41.38031447021768],[2.096766564996664,41.38031447021768],[2.096905155273561,41.38031447021768],[2.097043745550458,41.380453060494574],[2.097182335827356,41.380453060494574],[2.097320926104254,41.38059165077147],[2.097320926104254,41.38073024104837],[2.097459516381151,41.380868831325266],[2.097459516381151,41.38100742160216],[2.097598106658048,41.38114601187906],[2.097598106658048,41.38128460215596],[2.097736696934946,41.381423192432855],[2.097736696934946,41.38156178270975],[2.097875287211843,41.38170037298665],[2.097875287211843,41.38183896326355],[2.098013877488741,41.381977553540445],[2.098013877488741,41.38211614381734],[2.098152467765638,41.38225473409424],[2.098152467765638,41.38239332437114],[2.098291058042535,41.382531914648034],[2.098291058042535,41.38267050492493],[2.098429648319433,41.38280909520183],[2.098429648319433,41.382947685478726],[2.09856823859633,41.38308627575562],[2.09856823859633,41.38322486603252],[2.098706828873228,41.38336345630942],[2.098706828873228,41.383502046586315],[2.098706828873228,41.38364063686321],[2.098706828873228,41.38377922714011],[2.098706828873228,41.38391781741701],[2.098706828873228,41.384056407693905],[2.098706828873228,41.3841949979708],[2.098706828873228,41.3843335882477],[2.098706828873228,41.3844721785246],[2.098706828873228,41.384610768801494],[2.098706828873228,41.38474935907839],[2.098706828873228,41.38488794935529],[2.098706828873228,41.385026539632186],[2.098706828873228,41.38516512990908],[2.098706828873228,41.38530372018598],[2.098706828873228,41.38544231046288],[2.098706828873228,41.385580900739775],[2.098706828873228,41.38571949101667],[2.09856823859633,41.38585808129357],[2.09856823859633,41.385996671570474],[2.098429648319433,41.38613526184737],[2.098429648319433,41.38627385212427],[2.098291058042535,41.386412442401166],[2.098291058042535,41.386551032678064],[2.098291058042535,41.38668962295496],[2.098291058042535,41.38682821323186],[2.098291058042535,41.386966803508756],[2.098152467765638,41.38710539378565],[2.098152467765638,41.38724398406255],[2.098013877488741,41.38738257433945],[2.098013877488741,41.387521164616345],[2.097875287211843,41.38765975489324],[2.097875287211843,41.38779834517014],[2.097875287211843,41.38793693544704],[2.097736696934946,41.388075525723934],[2.097736696934946,41.38821411600083],[2.097598106658048,41.38835270627773],[2.097598106658048,41.388491296554626],[2.097598106658048,41.388629886831524],[2.097598106658048,41.38876847710842],[2.097459516381151,41.38890706738532],[2.097459516381151,41.389045657662216],[2.097320926104254,41.38918424793911],[2.097320926104254,41.38932283821601],[2.097182335827356,41.38946142849291],[2.097182335827356,41.389600018769805],[2.097043745550458,41.3897386090467],[2.097043745550458,41.3898771993236],[2.096905155273561,41.3900157896005],[2.096905155273561,41.390154379877394],[2.096766564996664,41.39029297015429],[2.096766564996664,41.39043156043119],[2.096627974719766,41.390570150708086],[2.096627974719766,41.390708740984984],[2.096489384442869,41.39084733126188],[2.096489384442869,41.39098592153878],[2.096350794165972,41.391124511815676],[2.096212203889074,41.39126310209257],[2.096073613612177,41.39126310209257],[2.095935023335279,41.39140169236947],[2.095935023335279,41.39154028264637],[2.095796433058382,41.391678872923265],[2.095796433058382,41.39181746320016],[2.095657842781485,41.39195605347706],[2.095657842781485,41.39209464375396],[2.095519252504587,41.392233234030854],[2.095519252504587,41.39237182430775],[2.09538066222769,41.39251041458465],[2.09538066222769,41.392649004861546],[2.095242071950792,41.392787595138444],[2.095242071950792,41.39292618541534],[2.095242071950792,41.39306477569224],[2.095242071950792,41.393203365969136],[2.095242071950792,41.39334195624603],[2.095242071950792,41.39348054652293],[2.095242071950792,41.39361913679983],[2.095242071950792,41.393757727076725],[2.095242071950792,41.39389631735362],[2.095242071950792,41.39403490763052],[2.095242071950792,41.39417349790742],[2.095242071950792,41.394312088184314],[2.095242071950792,41.39445067846121],[2.09538066222769,41.39458926873811],[2.09538066222769,41.394727859015006],[2.095519252504587,41.394866449291904],[2.095519252504587,41.3950050395688],[2.095657842781485,41.3951436298457],[2.095657842781485,41.395282220122596],[2.095796433058382,41.39542081039949],[2.095796433058382,41.39555940067639],[2.095935023335279,41.39569799095329],[2.095935023335279,41.395836581230185],[2.096073613612177,41.39597517150708],[2.096073613612177,41.39611376178398],[2.096212203889074,41.39625235206088],[2.096350794165972,41.396390942337774],[2.096350794165972,41.39652953261467],[2.096489384442869,41.39666812289157],[2.096489384442869,41.396806713168466],[2.096627974719766,41.396945303445364],[2.096766564996664,41.39708389372226],[2.096905155273561,41.39722248399916],[2.096905155273561,41.397361074276056],[2.097043745550458,41.39749966455295],[2.097043745550458,41.39763825482985],[2.097182335827356,41.39777684510675],[2.097320926104254,41.397915435383645],[2.097320926104254,41.39805402566055],[2.097459516381151,41.39819261593745],[2.097459516381151,41.398331206214344],[2.097598106658048,41.39846979649124],[2.097598106658048,41.39860838676814],[2.097736696934946,41.398746977045036],[2.097736696934946,41.39888556732193],[2.097875287211843,41.39902415759883],[2.097875287211843,41.39916274787573],[2.098013877488741,41.399301338152625],[2.098013877488741,41.39943992842952],[2.098152467765638,41.39957851870642],[2.098152467765638,41.39971710898332],[2.098291058042535,41.399855699260215],[2.098291058042535,41.39999428953711],[2.098429648319433,41.40013287981401],[2.098429648319433,41.40027147009091],[2.09856823859633,41.400410060367804],[2.09856823859633,41.4005486506447],[2.098706828873228,41.4005486506447],[2.098845419150125,41.4006872409216],[2.098984009427022,41.4006872409216],[2.09912259970392,41.400825831198496],[2.099261189980817,41.400825831198496],[2.099399780257715,41.40096442147539],[2.099538370534612,41.40096442147539],[2.09967696081151,41.40110301175229],[2.099815551088407,41.40124160202919],[2.099815551088407,41.401380192306085],[2.099954141365304,41.40151878258298],[2.099954141365304,41.40165737285988],[2.100092731642202,41.40179596313678],[2.100092731642202,41.401934553413675],[2.100231321919099,41.40207314369057],[2.100231321919099,41.40221173396747],[2.100369912195997,41.40235032424437],[2.100369912195997,41.402488914521264],[2.100508502472894,41.40262750479816],[2.100508502472894,41.40276609507506],[2.100647092749791,41.402904685351956],[2.100647092749791,41.40304327562885],[2.100785683026689,41.40318186590575],[2.100785683026689,41.40332045618265],[2.100924273303586,41.403459046459545],[2.100924273303586,41.40359763673644],[2.101062863580484,41.40373622701334],[2.101062863580484,41.40387481729024],[2.101062863580484,41.404013407567135],[2.101062863580484,41.40415199784403],[2.101062863580484,41.40429058812093],[2.101062863580484,41.40442917839783],[2.101062863580484,41.404567768674724],[2.101062863580484,41.40470635895162],[2.101062863580484,41.40484494922852],[2.101062863580484,41.404983539505416],[2.101062863580484,41.40512212978231],[2.101062863580484,41.40526072005921],[2.101062863580484,41.40539931033611],[2.101062863580484,41.405537900613005],[2.101062863580484,41.4056764908899],[2.101062863580484,41.4058150811668],[2.101062863580484,41.4059536714437],[2.101062863580484,41.406092261720595],[2.101062863580484,41.40623085199749],[2.100924273303586,41.40636944227439],[2.100924273303586,41.40650803255129],[2.100785683026689,41.406646622828184],[2.100785683026689,41.40678521310508],[2.100647092749791,41.40692380338198],[2.100647092749791,41.407062393658876],[2.100647092749791,41.40720098393577],[2.100508502472894,41.40733957421267],[2.100508502472894,41.40747816448957],[2.100508502472894,41.407616754766465],[2.100508502472894,41.40775534504336],[2.100508502472894,41.40789393532026],[2.100508502472894,41.40803252559716],[2.100508502472894,41.408171115874055],[2.100508502472894,41.40830970615095],[2.100508502472894,41.40844829642785],[2.100508502472894,41.40858688670475],[2.100647092749791,41.408725476981644],[2.100647092749791,41.40886406725854],[2.100785683026689,41.40900265753544],[2.100785683026689,41.409141247812336],[2.100785683026689,41.40927983808923],[2.100785683026689,41.40941842836613],[2.100785683026689,41.40955701864303],[2.100785683026689,41.409695608919925],[2.100924273303586,41.40983419919682],[2.100924273303586,41.40997278947373],[2.101062863580484,41.410111379750624],[2.101062863580484,41.41024997002752],[2.101201453857381,41.41038856030442],[2.101201453857381,41.410527150581316],[2.101340044134278,41.410665740858214],[2.101340044134278,41.41080433113511],[2.101478634411176,41.41094292141201],[2.101478634411176,41.411081511688906],[2.101617224688074,41.4112201019658],[2.101755814964971,41.4112201019658],[2.101894405241868,41.4113586922427],[2.102032995518766,41.4114972825196],[2.102171585795663,41.411635872796495],[2.10231017607256,41.41177446307339],[2.102448766349458,41.41177446307339],[2.102587356626355,41.41191305335029],[2.102725946903253,41.41191305335029],[2.10286453718015,41.41191305335029],[2.103003127457047,41.41205164362719],[2.103141717733945,41.41205164362719],[2.103280308010842,41.41205164362719],[2.10341889828774,41.412190233904084],[2.10341889828774,41.41232882418098],[2.103557488564637,41.41246741445788],[2.103557488564637,41.412606004734776],[2.103696078841534,41.412744595011674],[2.103696078841534,41.41288318528857],[2.103834669118432,41.41302177556547],[2.103834669118432,41.413160365842366],[2.10397325939533,41.41329895611926],[2.104111849672227,41.41329895611926],[2.104250439949124,41.41343754639616],[2.104250439949124,41.41357613667306],[2.104389030226022,41.413714726949955],[2.104527620502919,41.413714726949955],[2.104666210779817,41.41385331722685],[2.104804801056714,41.41385331722685],[2.104943391333611,41.41385331722685],[2.105081981610509,41.41399190750375],[2.105220571887406,41.41399190750375],[2.105359162164304,41.41399190750375],[2.105497752441201,41.41413049778065],[2.105636342718098,41.41413049778065],[2.105774932994996,41.41413049778065],[2.105913523271893,41.414269088057544],[2.10605211354879,41.414269088057544],[2.106190703825688,41.414269088057544],[2.106329294102586,41.41440767833444],[2.106329294102586,41.41454626861134],[2.106467884379483,41.41454626861134],[2.10660647465638,41.414684858888236],[2.106745064933278,41.414684858888236],[2.106883655210175,41.414823449165134],[2.107022245487073,41.414823449165134],[2.10716083576397,41.41496203944203],[2.107299426040867,41.41496203944203],[2.107438016317765,41.41496203944203],[2.107576606594662,41.41510062971893],[2.10771519687156,41.41510062971893],[2.107853787148457,41.41510062971893],[2.107992377425354,41.415239219995826],[2.108130967702252,41.415239219995826],[2.108269557979149,41.415239219995826],[2.108408148256047,41.41537781027272],[2.108546738532944,41.41537781027272],[2.108685328809841,41.41537781027272],[2.108823919086739,41.41551640054962],[2.108962509363636,41.41551640054962],[2.109101099640534,41.41565499082652],[2.109239689917431,41.41565499082652],[2.109378280194329,41.41565499082652],[2.109516870471226,41.415793581103415],[2.109655460748123,41.415793581103415],[2.109794051025021,41.415793581103415],[2.109932641301918,41.41593217138031],[2.110071231578816,41.41593217138031],[2.110209821855713,41.41593217138031],[2.11034841213261,41.41607076165721],[2.110487002409508,41.41607076165721],[2.110625592686405,41.41607076165721],[2.110764182963303,41.41620935193411],[2.1109027732402,41.41620935193411],[2.111041363517097,41.41620935193411],[2.111179953793995,41.41620935193411],[2.111318544070893,41.41607076165721],[2.11145713434779,41.41607076165721],[2.111595724624687,41.41607076165721],[2.111734314901585,41.41593217138031],[2.111872905178482,41.41593217138031],[2.112011495455379,41.41593217138031],[2.112150085732277,41.415793581103415],[2.112288676009174,41.415793581103415],[2.112427266286072,41.415793581103415],[2.112565856562969,41.41565499082652],[2.112704446839866,41.41565499082652],[2.112843037116764,41.41565499082652],[2.112981627393661,41.415793581103415],[2.113120217670559,41.415793581103415],[2.113258807947456,41.415793581103415],[2.113397398224353,41.41593217138031],[2.113535988501251,41.41593217138031],[2.113674578778149,41.41593217138031],[2.113813169055046,41.41607076165721],[2.113951759331943,41.41607076165721],[2.114090349608841,41.41607076165721],[2.114228939885738,41.41620935193411],[2.114367530162636,41.41620935193411],[2.114506120439533,41.41620935193411],[2.11464471071643,41.416347942211004],[2.114783300993328,41.416347942211004],[2.114921891270225,41.416347942211004],[2.115060481547123,41.4164865324879],[2.11519907182402,41.4164865324879],[2.115337662100917,41.4164865324879],[2.115476252377815,41.4166251227648],[2.115614842654712,41.4166251227648],[2.115753432931609,41.4166251227648],[2.115892023208507,41.416763713041696],[2.116030613485405,41.416763713041696],[2.116169203762302,41.416763713041696],[2.116307794039199,41.416902303318594],[2.116446384316097,41.416902303318594],[2.116584974592994,41.416902303318594],[2.116723564869892,41.41704089359549],[2.116862155146789,41.41704089359549],[2.117000745423686,41.41717948387239],[2.117000745423686,41.417318074149286],[2.117139335700584,41.41745666442618],[2.117139335700584,41.41759525470308],[2.117277925977481,41.41773384497998],[2.117277925977481,41.417872435256875],[2.117416516254379,41.41801102553377],[2.117416516254379,41.41814961581067],[2.117555106531276,41.41828820608757],[2.117555106531276,41.418426796364464],[2.117693696808173,41.41856538664136],[2.117693696808173,41.41870397691826],[2.117832287085071,41.418842567195156],[2.117832287085071,41.418981157472054],[2.117970877361968,41.41911974774895],[2.117970877361968,41.41925833802585],[2.118109467638866,41.419396928302746],[2.118109467638866,41.41953551857964],[2.118109467638866,41.41967410885654],[2.118109467638866,41.41981269913344],[2.118109467638866,41.419951289410335],[2.118109467638866,41.42008987968723],[2.118109467638866,41.42022846996413],[2.118109467638866,41.42036706024103],[2.118109467638866,41.420505650517924],[2.118109467638866,41.42064424079482],[2.118109467638866,41.42078283107172],[2.118109467638866,41.420921421348616],[2.118109467638866,41.421060011625514],[2.118109467638866,41.42119860190241],[2.118109467638866,41.42133719217931],[2.118109467638866,41.421475782456206],[2.118109467638866,41.4216143727331],[2.117970877361968,41.42175296301],[2.117970877361968,41.4218915532869],[2.117832287085071,41.4220301435638],[2.117832287085071,41.4221687338407],[2.117832287085071,41.4223073241176],[2.117832287085071,41.422445914394494],[2.117832287085071,41.42258450467139],[2.117832287085071,41.42272309494829],[2.117832287085071,41.422861685225186],[2.117832287085071,41.42300027550208],[2.117832287085071,41.42313886577898],[2.117832287085071,41.42327745605588],[2.117832287085071,41.423416046332775],[2.117832287085071,41.42355463660967],[2.117832287085071,41.42369322688657],[2.117832287085071,41.42383181716347],[2.117832287085071,41.423970407440365],[2.117832287085071,41.42410899771726],[2.117832287085071,41.42424758799416],[2.117832287085071,41.42438617827106],[2.117832287085071,41.424524768547954],[2.117832287085071,41.42466335882485],[2.117970877361968,41.42480194910175],[2.117970877361968,41.424940539378646],[2.118109467638866,41.42507912965554],[2.118109467638866,41.42521771993244],[2.118248057915763,41.42535631020934],[2.118248057915763,41.425494900486235],[2.118386648192661,41.42563349076313],[2.118386648192661,41.42577208104003],[2.118525238469558,41.42591067131693],[2.118525238469558,41.426049261593825],[2.118525238469558,41.42618785187072],[2.118525238469558,41.42632644214762],[2.118663828746455,41.42646503242452],[2.118663828746455,41.426603622701414],[2.118802419023353,41.42674221297831],[2.118802419023353,41.42688080325521],[2.11894100930025,41.427019393532106],[2.11894100930025,41.427157983809],[2.119079599577148,41.4272965740859],[2.119079599577148,41.4274351643628],[2.119218189854045,41.427573754639695],[2.119218189854045,41.42771234491659],[2.119356780130942,41.42785093519349],[2.11949537040784,41.42785093519349],[2.119633960684737,41.42798952547039],[2.119772550961635,41.428128115747285],[2.119911141238532,41.42826670602418],[2.119911141238532,41.42840529630108],[2.120049731515429,41.42854388657798],[2.120049731515429,41.428682476854874],[2.120188321792327,41.42882106713177],[2.120188321792327,41.42895965740867],[2.120326912069225,41.429098247685566],[2.120465502346122,41.42923683796246],[2.120465502346122,41.42937542823936],[2.120604092623019,41.42951401851626],[2.120742682899917,41.429652608793155],[2.120742682899917,41.42979119907005],[2.120881273176814,41.42992978934695],[2.120881273176814,41.43006837962385],[2.121019863453711,41.430206969900745],[2.121019863453711,41.43034556017764],[2.121158453730609,41.43048415045454],[2.121158453730609,41.43062274073144],[2.121297044007506,41.43062274073144],[2.121435634284404,41.430761331008334],[2.121574224561301,41.430761331008334],[2.121712814838198,41.43089992128523],[2.121851405115096,41.43103851156213],[2.121851405115096,41.431177101839026],[2.121989995391993,41.43131569211592],[2.122128585668891,41.43131569211592],[2.122267175945788,41.43145428239282],[2.122405766222685,41.43145428239282],[2.122544356499583,41.43145428239282],[2.122682946776481,41.43159287266972],[2.122821537053378,41.43159287266972],[2.122960127330275,41.43159287266972],[2.123098717607173,41.431731462946615],[2.12323730788407,41.431731462946615],[2.123375898160968,41.431731462946615],[2.123514488437865,41.43187005322351],[2.123653078714762,41.43200864350041],[2.12379166899166,41.43214723377731],[2.12379166899166,41.432285824054205],[2.123930259268557,41.4324244143311],[2.123930259268557,41.432563004608],[2.124068849545455,41.4327015948849],[2.124068849545455,41.432840185161794],[2.124207439822352,41.43297877543869],[2.124207439822352,41.43311736571559],[2.124346030099249,41.433255955992486],[2.124346030099249,41.43339454626938],[2.124484620376147,41.43353313654628],[2.124484620376147,41.43367172682318],[2.124623210653044,41.433810317100075],[2.124761800929941,41.43394890737698],[2.124900391206839,41.43394890737698],[2.125038981483736,41.43408749765388],[2.125038981483736,41.434226087930774],[2.125177571760634,41.43436467820767],[2.125177571760634,41.43450326848457],[2.125316162037531,41.434641858761466],[2.125316162037531,41.434780449038364],[2.125454752314428,41.43491903931526],[2.125454752314428,41.43505762959216],[2.125593342591326,41.435196219869056],[2.125593342591326,41.43533481014595],[2.125731932868224,41.43547340042285],[2.125731932868224,41.43561199069975],[2.125870523145121,41.435750580976645],[2.125870523145121,41.43588917125354],[2.126009113422018,41.43602776153044],[2.126009113422018,41.43616635180734],[2.126147703698916,41.436304942084234],[2.126147703698916,41.43644353236113],[2.126147703698916,41.43658212263803],[2.126147703698916,41.436720712914926],[2.126147703698916,41.436859303191824],[2.126147703698916,41.43699789346872],[2.126147703698916,41.43713648374562],[2.126147703698916,41.437275074022516],[2.126147703698916,41.43741366429941],[2.126286293975813,41.43755225457631],[2.126286293975813,41.43769084485321],[2.126424884252711,41.437829435130105],[2.126424884252711,41.437968025407],[2.126563474529608,41.4381066156839],[2.126563474529608,41.4382452059608],[2.126702064806505,41.438383796237694],[2.126702064806505,41.43852238651459],[2.126702064806505,41.43866097679149],[2.126702064806505,41.438799567068386],[2.126702064806505,41.438938157345284],[2.126702064806505,41.43907674762218],[2.126702064806505,41.43921533789908],[2.126702064806505,41.439353928175976],[2.126702064806505,41.43949251845287],[2.126702064806505,41.43963110872977],[2.126702064806505,41.43976969900667],[2.126702064806505,41.439908289283565],[2.126702064806505,41.44004687956046],[2.126702064806505,41.44018546983736],[2.126840655083403,41.44032406011426],[2.126840655083403,41.440462650391154],[2.126840655083403,41.44060124066805],[2.126840655083403,41.44073983094495],[2.126840655083403,41.440878421221846],[2.126840655083403,41.441017011498744],[2.126840655083403,41.44115560177564],[2.126840655083403,41.44129419205254],[2.126840655083403,41.441432782329436],[2.126840655083403,41.44157137260633],[2.126840655083403,41.44170996288323],[2.126840655083403,41.44184855316013],[2.126840655083403,41.441987143437025],[2.126840655083403,41.44212573371392],[2.126840655083403,41.44226432399082],[2.1269792453603,41.44240291426772],[2.1269792453603,41.442541504544614],[2.127117835637198,41.44268009482151],[2.127117835637198,41.44281868509841],[2.127256425914095,41.442957275375306],[2.127256425914095,41.443095865652204],[2.127256425914095,41.4432344559291],[2.127256425914095,41.443373046206],[2.127395016190992,41.443511636482896],[2.127395016190992,41.44365022675979],[2.12753360646789,41.44378881703669],[2.12753360646789,41.44392740731359],[2.127672196744787,41.444065997590485],[2.127672196744787,41.44420458786738],[2.127810787021685,41.44434317814428],[2.127810787021685,41.44448176842118],[2.127949377298582,41.444620358698074],[2.127949377298582,41.44475894897497],[2.12808796757548,41.44475894897497],[2.128226557852377,41.44489753925187],[2.128365148129274,41.445036129528766],[2.128365148129274,41.445174719805664],[2.128503738406172,41.44531331008256],[2.128503738406172,41.44545190035946],[2.128642328683069,41.445590490636356],[2.128642328683069,41.44572908091325],[2.128780918959967,41.44572908091325],[2.128919509236864,41.44586767119016],[2.129058099513761,41.44586767119016],[2.129196689790659,41.44586767119016],[2.129335280067556,41.446006261467055],[2.129473870344454,41.446006261467055],[2.129612460621351,41.446006261467055],[2.129751050898248,41.44614485174395],[2.129889641175146,41.44614485174395],[2.130028231452044,41.44614485174395],[2.130166821728941,41.44628344202085],[2.130305412005838,41.44628344202085],[2.130444002282736,41.44628344202085],[2.130582592559633,41.44642203229775],[2.130582592559633,41.446560622574644],[2.13072118283653,41.44669921285154],[2.13072118283653,41.44683780312844],[2.130859773113428,41.446976393405336],[2.130859773113428,41.44711498368223],[2.130998363390325,41.44725357395913],[2.130998363390325,41.44739216423603],[2.131136953667223,41.44739216423603],[2.13127554394412,41.447530754512925],[2.131414134221017,41.447530754512925],[2.131552724497915,41.44766934478982],[2.131691314774812,41.44780793506672],[2.13182990505171,41.44794652534362],[2.131968495328607,41.448085115620515],[2.131968495328607,41.44822370589741],[2.132107085605504,41.44836229617431],[2.132245675882402,41.44850088645121],[2.132245675882402,41.448639476728104],[2.1323842661593,41.448778067005],[2.1323842661593,41.4489166572819],[2.132522856436197,41.449055247558796],[2.132522856436197,41.44919383783569],[2.132661446713094,41.44933242811259],[2.132661446713094,41.44947101838949],[2.132800036989992,41.44947101838949],[2.132938627266889,41.449609608666385],[2.133077217543787,41.449609608666385],[2.133215807820684,41.449609608666385],[2.133354398097581,41.44974819894328],[2.133492988374479,41.44974819894328],[2.133631578651376,41.44974819894328],[2.133770168928273,41.44988678922018],[2.133908759205171,41.44988678922018],[2.134047349482068,41.44988678922018],[2.134185939758966,41.45002537949708],[2.134324530035863,41.45002537949708],[2.13446312031276,41.45002537949708],[2.134601710589658,41.450163969773975],[2.134740300866556,41.450163969773975],[2.134878891143453,41.45002537949708],[2.13501748142035,41.45002537949708],[2.135156071697248,41.45002537949708],[2.135294661974145,41.45002537949708],[2.135433252251043,41.45002537949708],[2.13557184252794,41.450163969773975],[2.135710432804837,41.45002537949708],[2.135849023081735,41.450163969773975],[2.135987613358632,41.450163969773975],[2.13612620363553,41.450163969773975],[2.136264793912427,41.45030256005087],[2.136403384189324,41.45030256005087],[2.136541974466222,41.45030256005087],[2.136680564743119,41.45044115032777],[2.136819155020017,41.45030256005087],[2.136957745296914,41.45030256005087],[2.137096335573812,41.45030256005087],[2.137234925850709,41.45044115032777],[2.137373516127606,41.45044115032777],[2.137512106404504,41.45044115032777],[2.137650696681401,41.45057974060467],[2.137789286958299,41.45044115032777],[2.137927877235196,41.45044115032777],[2.138066467512093,41.45044115032777],[2.138205057788991,41.45030256005087],[2.138343648065888,41.45030256005087],[2.138482238342786,41.45030256005087],[2.138620828619683,41.450163969773975],[2.13875941889658,41.450163969773975],[2.138898009173478,41.450163969773975],[2.139036599450375,41.45002537949708],[2.139175189727273,41.45002537949708],[2.13931378000417,41.450163969773975],[2.139452370281067,41.450163969773975],[2.139590960557965,41.450163969773975],[2.139729550834862,41.45030256005087],[2.13986814111176,41.450163969773975],[2.140006731388657,41.450163969773975],[2.140145321665555,41.450163969773975],[2.140283911942452,41.450163969773975],[2.140422502219349,41.45030256005087],[2.140561092496247,41.450163969773975],[2.140699682773144,41.450163969773975],[2.140838273050042,41.450163969773975],[2.140976863326939,41.45002537949708],[2.141115453603836,41.45002537949708],[2.141254043880734,41.45002537949708],[2.141392634157631,41.44988678922018],[2.141531224434529,41.44988678922018],[2.141669814711426,41.44988678922018],[2.141808404988323,41.44974819894328],[2.141946995265221,41.44974819894328],[2.142085585542119,41.44974819894328],[2.142224175819016,41.44988678922018],[2.142362766095913,41.44988678922018],[2.142501356372811,41.44988678922018],[2.142639946649708,41.45002537949708],[2.142778536926606,41.45002537949708],[2.142917127203503,41.45002537949708],[2.1430557174804,41.450163969773975],[2.143194307757298,41.450163969773975],[2.143332898034195,41.450163969773975],[2.143471488311092,41.450163969773975],[2.14361007858799,41.45030256005087],[2.143748668864887,41.450163969773975],[2.143887259141785,41.450163969773975],[2.144025849418682,41.450163969773975],[2.144164439695579,41.45002537949708],[2.144303029972477,41.45002537949708],[2.144441620249375,41.45002537949708],[2.144580210526272,41.45002537949708],[2.144718800803169,41.44988678922018],[2.144857391080067,41.44988678922018],[2.144995981356964,41.45002537949708],[2.145134571633862,41.45002537949708],[2.145273161910759,41.45002537949708],[2.145411752187656,41.45002537949708],[2.145550342464554,41.45002537949708],[2.145688932741451,41.450163969773975],[2.145827523018349,41.450163969773975],[2.145966113295246,41.45002537949708],[2.146104703572143,41.450163969773975],[2.146243293849041,41.45002537949708],[2.146381884125938,41.45002537949708],[2.146520474402836,41.45002537949708],[2.146659064679733,41.450163969773975],[2.146797654956631,41.450163969773975],[2.146936245233528,41.450163969773975],[2.147074835510425,41.45002537949708],[2.147213425787323,41.45002537949708],[2.14735201606422,41.45002537949708],[2.147490606341118,41.44988678922018],[2.147629196618015,41.44988678922018],[2.147767786894912,41.44988678922018],[2.14790637717181,41.44974819894328],[2.148044967448707,41.44974819894328],[2.148183557725605,41.44974819894328],[2.148322148002502,41.44988678922018],[2.148460738279399,41.44988678922018],[2.148599328556297,41.44988678922018],[2.148737918833194,41.45002537949708],[2.148876509110092,41.45002537949708],[2.149015099386989,41.45002537949708],[2.149153689663887,41.450163969773975],[2.149292279940784,41.450163969773975],[2.149430870217681,41.450163969773975],[2.149569460494579,41.45030256005087],[2.149708050771476,41.45030256005087],[2.149846641048374,41.45030256005087],[2.149985231325271,41.45044115032777],[2.150123821602168,41.45044115032777],[2.150262411879066,41.45044115032777],[2.150401002155963,41.45057974060467],[2.150539592432861,41.45057974060467],[2.150678182709758,41.45057974060467],[2.150816772986655,41.450718330881564],[2.150955363263553,41.450718330881564],[2.151093953540451,41.450718330881564],[2.151232543817348,41.45085692115846],[2.151371134094245,41.45085692115846],[2.151509724371143,41.45085692115846],[2.15164831464804,41.45099551143536],[2.151786904924938,41.451134101712256],[2.151925495201835,41.451134101712256],[2.152064085478732,41.45127269198915],[2.15220267575563,41.45127269198915],[2.152341266032527,41.45127269198915],[2.152479856309425,41.45141128226605],[2.152618446586322,41.45141128226605],[2.152757036863219,41.45141128226605],[2.152895627140117,41.45154987254295],[2.153034217417014,41.45154987254295],[2.153172807693911,41.45154987254295],[2.153311397970809,41.451688462819845],[2.153449988247707,41.451688462819845],[2.153588578524604,41.451688462819845],[2.153727168801501,41.45182705309674],[2.153865759078399,41.45182705309674],[2.154004349355296,41.45182705309674],[2.154142939632194,41.45196564337364],[2.154281529909091,41.45196564337364],[2.154420120185988,41.45196564337364],[2.154558710462886,41.45210423365054],[2.154697300739783,41.45210423365054],[2.154835891016681,41.45210423365054],[2.154974481293578,41.452242823927435],[2.155113071570475,41.452242823927435],[2.155251661847373,41.452242823927435],[2.15539025212427,41.45238141420433],[2.155528842401168,41.45238141420433],[2.155667432678065,41.45238141420433],[2.155806022954962,41.45252000448123],[2.15594461323186,41.45252000448123],[2.156083203508757,41.45238141420433],[2.156221793785654,41.45238141420433],[2.156360384062552,41.45252000448123],[2.15649897433945,41.45238141420433],[2.156637564616347,41.45252000448123],[2.156776154893244,41.45252000448123],[2.156914745170142,41.45252000448123],[2.157053335447039,41.45265859475813],[2.157191925723937,41.45265859475813],[2.157330516000834,41.45265859475813],[2.157469106277731,41.452797185035024],[2.157607696554629,41.452797185035024],[2.157746286831526,41.452797185035024],[2.157884877108424,41.45293577531192],[2.158023467385321,41.45293577531192],[2.158162057662218,41.45293577531192],[2.158300647939116,41.45307436558882],[2.158439238216013,41.45307436558882],[2.158577828492911,41.45307436558882],[2.158716418769808,41.453212955865716],[2.158855009046706,41.453212955865716],[2.158993599323603,41.453212955865716],[2.1591321896005,41.45335154614261],[2.159270779877398,41.45335154614261],[2.159409370154295,41.45335154614261],[2.159547960431193,41.45349013641951],[2.15968655070809,41.45349013641951],[2.159825140984987,41.45349013641951],[2.159963731261885,41.45362872669641],[2.160102321538782,41.453767316973305],[2.160102321538782,41.4539059072502],[2.16024091181568,41.4540444975271],[2.16024091181568,41.454183087804],[2.160379502092577,41.454321678080895],[2.160379502092577,41.45446026835779],[2.160518092369474,41.45459885863469],[2.160518092369474,41.45473744891159],[2.160656682646372,41.454876039188484],[2.160656682646372,41.45501462946538],[2.16079527292327,41.45515321974228],[2.16079527292327,41.455291810019176],[2.160933863200167,41.45543040029607],[2.160933863200167,41.45556899057297],[2.161072453477064,41.45570758084987],[2.161072453477064,41.455846171126765],[2.161211043753962,41.45598476140366],[2.161211043753962,41.45612335168056],[2.161211043753962,41.45626194195746],[2.161211043753962,41.456400532234355],[2.161349634030859,41.45653912251125],[2.161349634030859,41.45667771278815],[2.161488224307757,41.45681630306505],[2.161488224307757,41.456954893341944],[2.161626814584654,41.45709348361884],[2.161626814584654,41.45723207389574],[2.161765404861551,41.457370664172636],[2.161765404861551,41.45750925444953],[2.161903995138449,41.45764784472643],[2.161903995138449,41.45778643500333],[2.162042585415346,41.45792502528023],[2.162042585415346,41.45806361555713],[2.162181175692243,41.45820220583403],[2.162181175692243,41.458340796110924],[2.162319765969141,41.45847938638782],[2.162319765969141,41.45861797666472],[2.162458356246038,41.45875656694162],[2.162458356246038,41.458895157218514],[2.162596946522936,41.45903374749541],[2.162596946522936,41.45917233777231],[2.162735536799833,41.459310928049206],[2.162735536799833,41.4594495183261],[2.16287412707673,41.459588108603],[2.16287412707673,41.4597266988799],[2.163012717353628,41.459865289156795],[2.163012717353628,41.46000387943369],[2.163151307630526,41.46000387943369],[2.163289897907423,41.46014246971059],[2.16342848818432,41.46014246971059],[2.163567078461218,41.46028105998749],[2.163705668738115,41.46028105998749],[2.163844259015013,41.46028105998749],[2.16398284929191,41.460419650264384],[2.164121439568807,41.46055824054128],[2.164260029845705,41.46055824054128],[2.164398620122602,41.46069683081818],[2.1645372103995,41.46069683081818],[2.164675800676397,41.46069683081818],[2.164814390953294,41.46083542109508],[2.164952981230192,41.460974011371974],[2.165091571507089,41.46111260164887],[2.165091571507089,41.46125119192577],[2.165230161783987,41.461389782202666],[2.165230161783987,41.46152837247956],[2.165368752060884,41.46152837247956],[2.165507342337782,41.46166696275646],[2.165645932614679,41.46166696275646],[2.165784522891576,41.46166696275646],[2.165923113168474,41.46180555303336],[2.166061703445371,41.46180555303336],[2.166200293722269,41.461944143310255],[2.166338883999166,41.46208273358715],[2.166338883999166,41.46222132386405],[2.166477474276063,41.46222132386405],[2.166616064552961,41.46235991414095],[2.166754654829858,41.46235991414095],[2.166893245106756,41.46235991414095],[2.167031835383653,41.462498504417844],[2.16717042566055,41.462498504417844],[2.167309015937448,41.462498504417844],[2.167447606214346,41.46263709469474],[2.167586196491243,41.46263709469474],[2.16772478676814,41.46263709469474],[2.167863377045038,41.46277568497164],[2.168001967321935,41.46277568497164],[2.168140557598832,41.46277568497164],[2.16827914787573,41.46291427524854],[2.168417738152627,41.46291427524854],[2.168556328429525,41.46291427524854],[2.168694918706422,41.463052865525434],[2.168833508983319,41.463052865525434],[2.168972099260217,41.463052865525434],[2.169110689537114,41.46319145580233],[2.169249279814012,41.46319145580233],[2.169387870090909,41.46319145580233],[2.169526460367806,41.46333004607923],[2.169665050644704,41.46333004607923],[2.169803640921601,41.46333004607923],[2.169942231198499,41.463468636356126],[2.170080821475396,41.463468636356126],[2.170219411752293,41.46360722663302],[2.170358002029191,41.46360722663302],[2.170496592306089,41.46374581690992],[2.170635182582986,41.46374581690992],[2.170773772859883,41.46388440718682],[2.170912363136781,41.46388440718682],[2.171050953413678,41.464022997463715],[2.171189543690575,41.464022997463715],[2.171328133967473,41.46416158774061],[2.17146672424437,41.46416158774061],[2.171605314521268,41.46430017801751],[2.171743904798165,41.46443876829441],[2.171882495075062,41.464577358571304],[2.17202108535196,41.464577358571304],[2.172159675628857,41.4647159488482],[2.172298265905755,41.4647159488482],[2.172436856182652,41.4648545391251],[2.172575446459549,41.464993129401996],[2.172575446459549,41.465131719678894],[2.172714036736447,41.46527030995579],[2.172852627013345,41.46527030995579],[2.172991217290242,41.46540890023269],[2.173129807567139,41.46540890023269],[2.173268397844037,41.465547490509586],[2.173406988120934,41.465547490509586],[2.173545578397832,41.465547490509586],[2.173684168674729,41.46568608078648],[2.173822758951626,41.46568608078648],[2.173961349228524,41.46568608078648],[2.174099939505421,41.46582467106338],[2.174238529782319,41.46582467106338],[2.174377120059216,41.46582467106338],[2.174515710336113,41.46596326134028],[2.174654300613011,41.46596326134028],[2.174792890889908,41.46596326134028],[2.174931481166806,41.466101851617175],[2.175070071443703,41.466101851617175],[2.175208661720601,41.46624044189407],[2.175208661720601,41.46637903217097],[2.175347251997498,41.46651762244787],[2.175347251997498,41.466656212724764],[2.175485842274395,41.46679480300166],[2.175485842274395,41.46693339327856],[2.175624432551293,41.467071983555456],[2.175624432551293,41.467210573832354],[2.17576302282819,41.46734916410925],[2.17576302282819,41.46748775438615],[2.175901613105088,41.467626344663046],[2.175901613105088,41.46776493493994],[2.176040203381985,41.46790352521684],[2.176040203381985,41.46804211549374],[2.176178793658882,41.468180705770635],[2.176178793658882,41.46831929604753],[2.17631738393578,41.46845788632443],[2.17631738393578,41.46859647660133],[2.176455974212677,41.468735066878224],[2.176455974212677,41.46887365715512],[2.176594564489575,41.46901224743202],[2.176594564489575,41.469150837708916],[2.176733154766472,41.469289427985814],[2.176733154766472,41.46942801826271],[2.176871745043369,41.46956660853961],[2.176871745043369,41.469705198816506],[2.177010335320267,41.46984378909341],[2.177148925597164,41.46984378909341],[2.177287515874062,41.46998237937031],[2.177426106150959,41.46998237937031],[2.177564696427857,41.46998237937031],[2.177703286704754,41.470120969647205],[2.177841876981651,41.470120969647205],[2.177980467258549,41.470120969647205],[2.178119057535446,41.4702595599241],[2.178257647812344,41.4702595599241],[2.178396238089241,41.4702595599241],[2.178534828366138,41.470398150201],[2.178673418643036,41.470398150201],[2.178812008919933,41.470398150201],[2.178950599196831,41.4705367404779],[2.179089189473728,41.470398150201],[2.179227779750625,41.470398150201],[2.179366370027523,41.470398150201],[2.179504960304421,41.4702595599241],[2.179643550581318,41.4702595599241],[2.179782140858215,41.4702595599241],[2.179920731135113,41.470120969647205],[2.18005932141201,41.470120969647205],[2.180197911688908,41.470120969647205],[2.180336501965805,41.470120969647205],[2.180475092242702,41.470120969647205],[2.1806136825196,41.4702595599241],[2.180752272796497,41.4702595599241],[2.180890863073394,41.4702595599241],[2.181029453350292,41.470120969647205],[2.181168043627189,41.4702595599241],[2.181306633904087,41.4702595599241],[2.181445224180984,41.4702595599241],[2.181583814457881,41.470398150201],[2.181722404734779,41.470398150201],[2.181860995011677,41.470398150201],[2.181999585288574,41.4705367404779],[2.182138175565471,41.4705367404779],[2.182276765842369,41.4705367404779],[2.182415356119266,41.4705367404779],[2.182553946396164,41.470675330754794],[2.182692536673061,41.470675330754794],[2.182831126949958,41.470675330754794],[2.182969717226856,41.47081392103169]]]}}]}